id,nazwa,kategoria,kalorie,bialko,wegle,tluszcze,gramatura
1,Sushi rolki maki z tuńczykiem,Obiad,602,36,65,22,380
2,Sałatka jarzynowa z chlebem,Kolacja,318,20,28,14,220
3,Gruszka świeża w cząstkach,Przekąska,213,7,26,9,300
4,Owsianka pieczona z jabłkiem i płatkami migdałów,Śniadanie,501,31,38,25,300
5,Pstrąg z grilla z sałatką z rukoli i grzankami,Obiad,720,51,102,12,570
6,"Sałatka z jajkiem, awokado i pieczywem",Kolacja,506,31,46,22,580
7,Słonecznik prażony na patelni z solą,Przekąska,271,7,45,7,70
8,Naleśniki z twarogiem i wanilią,Śniadanie,526,31,42,26,390
9,Krokiety z kapustą i grzybami do czystego barszczu,Obiad,594,34,74,18,280
10,Tatar ze śledzia z chlebem żytnim,Kolacja,295,35,14,11,140
11,Budyń śmietankowy,Przekąska,169,20,11,5,130
12,Serek wiejski z rzodkiewką i chlebem chrupkim,Śniadanie,329,17,36,13,420
13,Gołąbki z grzybami i chlebem,Obiad,831,36,111,27,470
14,Tarta z warzywami korzeniowymi,Kolacja,393,22,38,17,180
15,Kefir z nasionami chia,Przekąska,225,11,34,5,270
16,Jaglanka na mleku kokosowym,Śniadanie,448,38,47,12,290
17,Bakłażan zapiekany z parmezanem i pieczywem,Obiad,625,43,75,17,250
18,Kaszanka z kapustą kiszoną i ziemniakami,Kolacja,428,30,32,20,180
19,Kefir z rzodkiewką i koperkiem,Przekąska,286,24,25,10,590
20,Pasta z awokado z pomidorkami koktajlowymi i paluchami chlebowymi,Śniadanie,524,18,68,20,240
21,Dorsz pieczony w ziołach z łódeczkami z ziemniaków,Obiad,784,49,75,32,330
22,Fasolka szparagowa z bułką tartą,Kolacja,219,18,12,11,100
23,Suszona żurawina z płatkami migdałowymi,Przekąska,193,16,30,1,40
24,Placki twarogowe ze śmietaną i cukrem,Śniadanie,344,15,44,12,220
25,Pulpeciki wege z soczewicy z ryżem,Obiad,665,42,77,21,380
26,Brusketa z pomidorami i bazylią,Kolacja,414,16,38,22,310
27,Pistacje prażone bez soli,Przekąska,276,22,29,8,70
28,Jajecznica z pomidorami i szczypiorkiem na grzance,Śniadanie,716,40,76,28,290
29,Pulpeciki w sosie pomidorowym z makaronem,Obiad,841,49,105,25,670
30,Sałatka śledziowa z ziemniakami i koperkiem,Kolacja,426,27,39,18,240
31,Śliwki suszone zawijane w boczek,Przekąska,233,18,29,5,350
32,Pudding chia z kiwi,Śniadanie,484,22,63,16,340
33,Kluski śląskie z ciemnym sosem pieczeniowym i modrą kapustą,Obiad,533,43,43,21,260
34,Tosty z salami i jalapeno,Kolacja,317,31,19,13,200
35,Hummus z marchewką w słupkach,Przekąska,112,12,16,0,80
36,Muffinki owsiane z borówkami,Śniadanie,512,23,78,12,250
37,Kaszotto jęczmienne z warzywami,Obiad,735,58,92,15,310
38,Ser camembert na zimno na desce serów z krakersami,Kolacja,255,19,20,11,170
39,Borówki jako dodatek do owsianki,Przekąska,246,7,32,10,480
40,Pumpernikiel z serkiem śmietankowym,Śniadanie,522,40,32,26,370
41,Kaszotto z burakiem i kozim serem,Obiad,797,43,109,21,480
42,Ser camembert pieczony z żurawiną i bagietką,Kolacja,393,42,27,13,310
43,Winogrona ciemne,Przekąska,164,15,17,4,300
44,Pancakes z syropem klonowym i boczkiem,Śniadanie,528,36,51,20,300
45,Pulpeciki drobiowe z puree ziemniaczanym,Obiad,687,48,90,15,290
46,Śledź w śmietanie z jabłkiem i pieczywem,Kolacja,330,24,18,18,140
47,Truskawki z jogurtem greckim,Przekąska,288,12,42,8,350
48,Jaglanka z gruszką,Śniadanie,392,24,38,16,180
49,Kotlet mielony z puree ziemniaczanym i buraczkami,Obiad,953,63,101,33,420
50,Wrapy z awokado i jajkiem,Kolacja,431,19,46,19,300
51,Kukurydza gotowana w kolbie z masłem,Przekąska,297,24,39,5,210
52,Pumpernikiel z pastą jajeczną,Śniadanie,676,39,76,24,320
53,Ramen z makaronem udon i kurczakiem teriyaki,Obiad,734,40,112,14,370
54,Wrapy z kurczakiem teriyaki,Kolacja,491,25,55,19,290
55,Żelki klasyczne misie,Przekąska,224,16,40,0,130
56,Owsianka z jabłkiem i cynamonem,Śniadanie,330,17,34,14,240
57,Placki ziemniaczane ze śmietaną i cukrem,Obiad,538,34,78,10,220
58,Placki z cukinii z kwaśną śmietaną,Kolacja,497,30,47,21,370
59,Winogrona czerwone z serem pleśniowym,Przekąska,192,22,26,0,240
60,Ryżanka z cynamonem i jabłkiem,Śniadanie,362,34,34,10,190
61,Naleśniki wytrawne z mięsem i sosem pieczarkowym,Obiad,614,39,83,14,310
62,Wrapy z awokado i jajkiem,Kolacja,445,25,48,17,290
63,Żelki owocowe z sokiem,Przekąska,210,7,14,14,140
64,Pancakes z bananem,Śniadanie,418,27,55,10,260
65,Kotlet mielony z mizerią i młodymi ziemniakami,Obiad,660,32,97,16,460
66,Wrapy z awokado i jajkiem,Kolacja,291,36,12,11,130
67,Garść orzechów migdałów,Przekąska,167,23,12,3,30
68,Jajka sadzone z awokado i chilli na toście,Śniadanie,417,18,57,13,190
69,Placki ziemniaczane z bogatym gulaszem,Obiad,1015,63,103,39,570
70,Kanapki z serem i rzodkiewką,Kolacja,460,28,60,12,190
71,Czekolada gorzka z migdałami,Przekąska,226,22,12,10,40
72,Jaglanka z gruszką,Śniadanie,449,20,45,21,230
73,Policzki wołowe duszone w czerwonym winie z kopytkami,Obiad,502,35,41,22,300
74,Ryba po grecku na zimno z bagietką,Kolacja,385,33,16,21,310
75,Owoce miseczka truskawek,Przekąska,256,15,13,16,450
76,Naleśniki gryczane z łososiem i koperkiem,Śniadanie,543,29,73,15,290
77,Sushi zestaw nigiri z łososiem,Obiad,881,58,88,33,380
78,Tortilla z hummusem i falafelem,Kolacja,574,34,60,22,280
79,Gruszka pieczona z kroplą miodu,Przekąska,211,9,28,7,240
80,Frittata z cukinią i pomidorkami,Śniadanie,585,27,72,21,270
81,Wieprzowina w sosie własnym z kaszą jęczmienną,Obiad,964,57,112,32,420
82,Tortilla z hummusem i falafelem,Kolacja,388,22,39,16,250
83,Chipsy jabłkowe suszone naturalnie,Przekąska,340,25,33,12,90
84,Owsianka pieczona z truskawkami,Śniadanie,491,33,56,15,220
85,Soczewica z plackami naan,Obiad,662,52,91,10,390
86,Wrapy z łososiem i serkiem,Kolacja,263,16,16,15,110
87,Melon owinięty szynką parmeńską,Przekąska,153,18,18,1,200
88,Pudding chia z kiwi,Śniadanie,514,20,50,26,210
89,Kotlet mielony z puree ziemniaczanym i buraczkami,Obiad,733,29,80,33,320
90,Sałatka caprese z listkami bazylii i grzankami,Kolacja,467,31,52,15,240
91,Popcorn o smaku maślanym,Przekąska,226,13,21,10,100
92,Granola z malinami,Śniadanie,373,16,39,17,160
93,Indyk z kaszą pęczak,Obiad,748,41,110,16,560
94,Roladki z bakłażana z orzechami i pitą,Kolacja,378,30,15,22,230
95,Czekolada gorzka z orzechami laskowymi,Przekąska,330,14,28,18,90
96,Naleśniki z kremem orzechowym,Śniadanie,524,40,46,20,260
97,Bakłażan z grilla z sosem czosnkowym i pitą,Obiad,594,62,55,14,380
98,Śledź w śmietanie z jabłkiem i pieczywem,Kolacja,351,20,43,11,160
99,Maliny z jogurtem naturalnym,Przekąska,329,22,22,17,800
100,Kefir śniadaniowy zmiksowany z bananem i płatkami,Śniadanie,535,25,66,19,690
101,Krokiety z pieczarkami i serem,Obiad,579,29,46,31,260
102,Kabanosy wieprzowe z ciemnym pieczywem,Kolacja,481,32,41,21,110
103,Czekolada gorzka z solą morską,Przekąska,166,7,30,2,30
104,Musli z suszonymi owocami,Śniadanie,610,27,76,22,280
105,Łosoś ze szparagami i młodymi ziemniakami,Obiad,1044,56,115,40,430
106,Zupa krem z pomidorów z grzankami,Kolacja,476,44,21,24,580
107,Jabłko krojone w ćwiartki,Przekąska,192,18,21,4,310
108,Placki twarogowe z jogurtem naturalnym,Śniadanie,584,25,58,28,390
109,Gulasz z indyka z pieczywem,Obiad,753,41,91,25,510
110,Ryba po grecku z pieczywem razowym,Kolacja,306,35,19,10,140
111,Wafle ryżowe z chudą wędliną,Przekąska,161,6,23,5,80
112,Granola z jogurtem greckim,Śniadanie,439,20,47,19,370
113,Krewetki w sosie winno-maślanym z bagietką,Obiad,690,52,44,34,360
114,Szaszłyki drobiowe z warzywami i ryżem,Kolacja,565,31,54,25,350
115,Żelki owocowe z sokiem,Przekąska,231,25,17,7,110
116,Jajka sadzone z awokado i chilli na toście,Śniadanie,365,16,46,13,150
117,Pierogi ze szpinakiem,Obiad,897,53,88,37,370
118,Zupa krem z dyni z ptysiami,Kolacja,445,28,36,21,660
119,Melon w kostkach,Przekąska,366,11,40,18,450
120,Kasza manna z gorzką czekoladą,Śniadanie,474,27,42,22,200
121,Kaszotto gryczane z grzybami,Obiad,595,53,53,19,350
122,Carpaccio z łososia z kaparami i pieczywem chrupkim,Kolacja,365,42,11,17,180
123,Śliwki suszone,Przekąska,187,25,15,3,290
124,Muffinki bananowe,Śniadanie,476,19,37,28,250
125,Wątróbka wieprzowa z cebulą i ziemniakami,Obiad,1005,51,117,37,780
126,Carpaccio z wołowiny z parmezanem i bagietką,Kolacja,453,36,21,25,190
127,Lody proteinowe waniliowe z polewą,Przekąska,306,25,29,10,130
128,Płatki kukurydziane z zimnym mlekiem,Śniadanie,493,17,68,17,370
129,Naleśniki wytrawne z kurczakiem i kukurydzą,Obiad,818,37,91,34,340
130,Kanapki z pastą z makreli,Kolacja,407,23,45,15,210
131,Baton proteinowy,Przekąska,274,12,43,6,50
132,Kefir śniadaniowy z truskawkami i kaszą jaglaną,Śniadanie,431,17,30,27,510
133,Ciecierzyca w sosie tikka masala z ryżem,Obiad,594,57,42,22,370
134,Pasta z tuńczyka na słonych krakersach,Kolacja,480,43,23,24,370
135,Budyń proteinowy,Przekąska,288,14,13,20,190
136,Kanapki z łososiem wędzonym,Śniadanie,596,24,71,24,310
137,Wieprzowina w sosie własnym z kaszą jęczmienną,Obiad,747,26,100,27,480
138,Roladki z bakłażana z orzechami i pitą,Kolacja,480,44,49,12,390
139,Skyr naturalny z orzechami,Przekąska,299,9,32,15,450
140,Owsianka pieczona z truskawkami,Śniadanie,538,24,43,30,450
141,Gulasz wołowy z kaszą gryczaną,Obiad,829,37,96,33,460
142,Wrapy z kurczakiem teriyaki,Kolacja,516,15,60,24,390
143,Wafle ryżowe z masłem orzechowym,Przekąska,253,9,43,5,140
144,Ciepłe kanapki z szynką i ananasem,Śniadanie,509,32,57,17,280
145,Schabowy z mizerią i puree ziemniaczanym,Obiad,851,31,112,31,370
146,Roladki z grillowanej cukinii z serem i paluchami chlebowymi,Kolacja,393,33,27,17,160
147,Kefir z rzodkiewką i koperkiem,Przekąska,239,13,22,11,380
148,Owsianka pieczona z truskawkami,Śniadanie,574,18,67,26,230
149,Łosoś na parze z warzywami i komosą ryżową,Obiad,854,27,110,34,590
150,Sałatka caprese z gęstym sosem balsamicznym i bagietką,Kolacja,414,41,31,14,200
151,Galaretka bez cukru,Przekąska,288,14,40,8,570
152,Jajka w koszulce na toście ze szparagami,Śniadanie,671,36,71,27,280
153,Burger z serem halloumi w bułce,Obiad,528,37,50,20,230
154,Mini pizzerinki z pieczarkami,Kolacja,427,36,37,15,290
155,Gruszka z orzechami włoskimi,Przekąska,271,8,44,7,440
156,Gofry z jogurtem i owocami,Śniadanie,557,19,55,29,420
157,Kurczak w curry z mleczkiem kokosowym i ryżem jaśminowym,Obiad,763,50,80,27,450
158,Wrapy z łososiem i serkiem,Kolacja,521,30,44,25,310
159,Garść orzechów nerkowca,Przekąska,270,9,45,6,50
160,Omlet białkowy z twarogiem,Śniadanie,354,35,31,10,220
161,Kaszotto z kurczakiem i cukinią,Obiad,532,58,48,12,320
162,"Sałatka caprese z mozzarellą, świeżymi pomidorami i foccacią",Kolacja,395,23,24,23,190
163,Winogrona jasne bezpestkowe,Przekąska,155,5,18,7,170
164,Pasta z awokado na pieczywie chrupkim,Śniadanie,503,32,69,11,380
165,Naleśniki wytrawne z kurczakiem i kukurydzą,Obiad,781,34,78,37,360
166,"Kaszanka smażona z jabłkiem, cebulą i pieczywem",Kolacja,553,40,51,21,290
167,Koktajl truskawkowy,Przekąska,250,7,33,10,460
168,Naleśniki z twarogiem i wanilią,Śniadanie,549,35,73,13,220
169,Krokiety z mięsem,Obiad,702,47,70,26,520
170,Ser camembert pieczony z żurawiną i bagietką,Kolacja,302,18,17,18,140
171,Melon w kostkach,Przekąska,274,11,17,18,370
172,Bułka grahamka z serem i sałatą,Śniadanie,615,37,65,23,440
173,Risotto z grzybami leśnymi,Obiad,787,65,44,39,620
174,Sałatka grecka z fetą i pitą,Kolacja,429,16,44,21,900
175,Słonecznik w łupinach,Przekąska,174,7,32,2,40
176,Kasza manna z prażonymi jabłkami,Śniadanie,498,27,48,22,300
177,Soczewica w sosie pomidorowym z ryżem,Obiad,749,40,109,17,450
178,Tosty z salami i jalapeno,Kolacja,446,22,40,22,260
179,Budyń czekoladowy,Przekąska,359,20,36,15,290
180,Placki twarogowe ze śmietaną i cukrem,Śniadanie,634,40,60,26,260
181,Wołowina z kaszą gryczaną i ogórkiem kiszonym,Obiad,552,26,58,24,450
182,Szparagi z sosem holenderskim i pieczywem,Kolacja,501,42,36,21,320
183,Garść orzechów laskowych,Przekąska,335,20,30,15,80
184,Tosty z awokado i jajkiem,Śniadanie,520,19,66,20,240
185,Gołąbki w sosie pomidorowym z ziemniakami,Obiad,484,34,51,16,250
186,Placki z cukinii z sosem koperkowym,Kolacja,508,27,46,24,320
187,Czekolada gorzka z orzechami laskowymi,Przekąska,190,16,18,6,50
188,Pasta z awokado na chlebie żytnim z jajkiem,Śniadanie,354,17,40,14,180
189,Łosoś z frytkami z batatów,Obiad,623,50,63,19,510
190,Zapiekanka ziemniaczana z mięsem mielonym,Kolacja,479,22,46,23,310
191,Smoothie bowl z mango i kokosem,Przekąska,214,22,27,2,470
192,Kasza manna z sokiem malinowym,Śniadanie,568,24,55,28,300
193,Schabowy z mizerią i puree ziemniaczanym,Obiad,744,25,98,28,390
194,Mini pizzerinki z salami,Kolacja,441,39,24,21,290
195,Precle oblane czekoladą,Przekąska,272,25,16,12,60
196,Pumpernikiel z pastą jajeczną,Śniadanie,626,17,72,30,290
197,Kaczka w sosie pomarańczowym z ryżem,Obiad,774,29,106,26,340
198,Twaróg z pieczywem chrupkim,Kolacja,345,33,24,13,260
199,Maliny ze skyrem waniliowym,Przekąska,340,16,24,20,550
200,Gryczanka z cynamonem,Śniadanie,431,27,47,15,210
201,Krokiety z mięsem,Obiad,690,32,91,22,460
202,Tarta z porem i boczkiem (quiche lorraine),Kolacja,428,42,29,16,180
203,Kukurydza z puszki z ziołami,Przekąska,285,17,25,13,120
204,Serek homogenizowany waniliowy z płatkami kukurydzianymi,Śniadanie,538,27,49,26,290
205,Indyk pieczony z żurawiną i puree ziemniaczanym,Obiad,656,40,97,12,310
206,Wrapy z łososiem i serkiem,Kolacja,295,38,11,11,150
207,Borówki z jogurtem stracciatella,Przekąska,186,8,34,2,260
208,Owsianka z bananem i kakao,Śniadanie,639,23,76,27,260
209,Kebab w cienkim cieście pita,Obiad,811,44,89,31,630
210,Roladki z bakłażana z orzechami i pitą,Kolacja,267,29,13,11,130
211,Żelki owocowe z sokiem,Przekąska,132,10,23,0,60
212,Kanapki z chlebem żytnim i wędliną,Śniadanie,517,34,66,13,220
213,Wątróbka drobiowa duszona z jabłkiem i puree ziemniaczanym,Obiad,752,59,75,24,410
214,Koreczki z kabanosem i ogórkiem,Kolacja,453,29,28,25,300
215,Paluszki z makiem,Przekąska,377,22,34,17,80
216,Naleśniki gryczane z pieczarkami,Śniadanie,619,37,75,19,290
217,Soczewica z plackami naan,Obiad,711,55,62,27,550
218,Deska serów z konfiturą cebulową i paluchami chlebowymi,Kolacja,321,27,24,13,70
219,Krakersy z pastą pomidorową,Przekąska,261,24,21,9,60
220,Placki twarogowe ze śmietaną i cukrem,Śniadanie,553,38,44,25,330
221,Kotlet mielony z ziemniakami z koperkiem,Obiad,604,38,77,16,300
222,Leczo z kiełbasą i chlebem,Kolacja,274,19,18,14,410
223,Ciastko owsiane z masłem orzechowym,Przekąska,174,21,18,2,50
224,Bułka grahamka z masłem i szynką,Śniadanie,477,20,70,13,260
225,Burger wege z buraka w bułce,Obiad,512,34,40,24,270
226,Zapiekanka makaronowa z serem,Kolacja,481,15,58,21,310
227,Gruszka z orzechami włoskimi,Przekąska,160,12,10,8,290
228,Serek wiejski z pomidorem i grahamką,Śniadanie,484,17,50,24,830
229,Policzki wołowe z karmelizowanymi warzywami i kaszą gryczaną,Obiad,589,34,75,17,270
230,Szaszłyki z krewetkami i bagietką,Kolacja,498,45,39,18,270
231,Melon z miodem,Przekąska,307,12,40,11,490
232,Placki twarogowe ze śmietaną i cukrem,Śniadanie,525,38,64,13,340
233,Łosoś ze szparagami i młodymi ziemniakami,Obiad,746,51,68,30,320
234,Kabanosy z serem i krakersami,Kolacja,406,44,26,14,90
235,Budyń proteinowy,Przekąska,276,22,11,16,110
236,Pudding chia na mleku kokosowym z mango,Śniadanie,437,34,46,13,220
237,Pierogi ze szpinakiem,Obiad,650,30,110,10,380
238,Pasta z tuńczyka na słonych krakersach,Kolacja,304,34,15,12,220
239,Hummus z selerem naciowym,Przekąska,234,15,39,2,110
240,Pancakes z borówkami,Śniadanie,450,21,60,14,210
241,Wątróbka wieprzowa z cebulą i ziemniakami,Obiad,595,50,65,15,300
242,Roladki z szynki z chrzanem i krakersami,Kolacja,478,24,46,22,320
243,Lody proteinowe sorbet truskawkowy,Przekąska,252,11,25,12,110
244,Frittata z boczkiem i grzanką,Śniadanie,374,31,40,10,230
245,Placki ziemniaczane ze śmietaną i cukrem,Obiad,659,29,66,31,450
246,Deska serów z konfiturą cebulową i paluchami chlebowymi,Kolacja,467,39,35,19,130
247,Hummus z selerem naciowym,Przekąska,304,10,39,12,170
248,Serek homogenizowany z truskawkami,Śniadanie,370,15,46,14,200
249,Gołąbki z grzybami i chlebem,Obiad,765,39,69,37,330
250,Fasolka szparagowa z bułką tartą,Kolacja,547,45,58,15,310
251,Budyń proteinowy,Przekąska,338,22,40,10,180
252,Frittata z boczkiem i grzanką,Śniadanie,518,21,50,26,340
253,Wieprzowina z kopytkami i buraczkami,Obiad,721,43,72,29,450
254,Placki z cukinii z kwaśną śmietaną,Kolacja,356,15,29,20,150
255,Koktajl z odżywką białkową,Przekąska,289,24,28,9,550
256,Pumpernikiel z wędzonym łososiem,Śniadanie,455,36,53,11,270
257,Wątróbka z pieczywem i ogórkiem kiszonym,Obiad,814,58,87,26,570
258,Mini pizzerinki z salami,Kolacja,342,24,39,10,280
259,Truskawki z jogurtem greckim,Przekąska,141,11,13,5,160
260,Bułka grahamka z pastą z makreli,Śniadanie,445,35,38,17,200
261,Kebab w bułce z łagodnym sosem czosnkowym,Obiad,781,57,82,25,500
262,Tosty z serem i pieczarkami,Kolacja,352,37,24,12,270
263,Maślanka z owocami leśnymi,Przekąska,292,21,43,4,340
264,Granola z malinami,Śniadanie,500,30,50,20,220
265,Bakłażan zapiekany z parmezanem i pieczywem,Obiad,671,41,84,19,390
266,Carpaccio z pieczonego buraka z kozim serem i grzankami,Kolacja,472,45,46,12,190
267,Lody proteinowe waniliowe z polewą,Przekąska,236,24,17,8,170
268,Musli z jogurtem naturalnym,Śniadanie,607,38,62,23,390
269,Łosoś na parze z warzywami i komosą ryżową,Obiad,544,55,54,12,370
270,Mini pizzerinki klasyczne margerity,Kolacja,558,35,55,22,290
271,Lody proteinowe czekoladowe,Przekąska,243,14,40,3,200
272,Kiełbaski śniadaniowe smażone z cebulką i bułką,Śniadanie,541,30,58,21,280
273,Krewetki w czerwonym curry z ryżem,Obiad,753,52,89,21,580
274,Koreczki z kabanosem i ogórkiem,Kolacja,443,30,56,11,190
275,Pestki dyni prażone,Przekąska,245,7,25,13,60
276,Szakszuka z fetą i pitą,Śniadanie,546,39,39,26,290
277,Wołowina gulaszowa z pieczywem,Obiad,795,44,94,27,380
278,Ryba po grecku na zimno z bagietką,Kolacja,365,24,11,25,260
279,Borówki jako dodatek do owsianki,Przekąska,281,22,37,5,570
280,Serek wiejski z rzodkiewką i chlebem chrupkim,Śniadanie,399,27,30,19,650
281,Schabowy z mizerią i puree ziemniaczanym,Obiad,616,33,76,20,510
282,Ryba po grecku z pieczywem razowym,Kolacja,491,42,29,23,300
283,Popcorn solony domowy,Przekąska,315,5,31,19,200
284,Gryczanka z cynamonem,Śniadanie,484,26,41,24,200
285,Cukinia faszerowana zapiekana z serem i podana z grzankami,Obiad,510,34,62,14,320
286,Szaszłyki wieprzowe z cebulą i pieczywem,Kolacja,481,27,37,25,310
287,Precle oblane czekoladą,Przekąska,212,20,33,0,40
288,Muffinki z kawałkami czekolady,Śniadanie,432,15,39,24,260
289,Tofu z warzywami na patelnię i kaszą,Obiad,569,32,54,25,290
290,"Pasta z tuńczyka z kukurydzą, majonezem i waflami ryżowymi",Kolacja,465,37,50,13,250
291,Suszona żurawina wymieszana z nerkowcami,Przekąska,224,23,24,4,40
292,Kefir śniadaniowy zmiksowany z bananem i płatkami,Śniadanie,472,34,48,16,940
293,Wieprzowina z kopytkami i buraczkami,Obiad,496,41,56,12,200
294,"Deska serów z orzechami, figami i bagietką",Kolacja,310,18,10,22,80
295,Kukurydza gotowana w kolbie z masłem,Przekąska,216,20,34,0,110
296,Kasza manna z gorzką czekoladą,Śniadanie,392,27,44,12,290
297,Burger z kurczakiem w bułce z sałatką,Obiad,688,60,49,28,540
298,Leczo warzywne z cukinią i świeżym pieczywem,Kolacja,381,15,42,17,440
299,Lody proteinowe czekoladowe,Przekąska,149,11,15,5,90
300,Omlet z warzywami i pieczywem,Śniadanie,611,40,61,23,290
301,Ramen z makaronem udon i kurczakiem teriyaki,Obiad,713,49,55,33,370
302,Zupa krem z dyni z ptysiami,Kolacja,513,35,46,21,940
303,Nachosy zapiekane z serem i papryką,Przekąska,354,23,43,10,150
304,Croissant z dżemem malinowym,Śniadanie,524,33,35,28,430
305,Żeberka w gęstym sosie BBQ z frytkami,Obiad,475,29,65,11,290
306,Kaszanka z kapustą kiszoną i ziemniakami,Kolacja,499,33,40,23,330
307,Melon owinięty szynką parmeńską,Przekąska,359,22,34,15,410
308,Tosty francuskie z owocami leśnymi,Śniadanie,514,39,67,10,220
309,Naleśniki wytrawne ze szpinakiem i serem feta,Obiad,723,27,84,31,350
310,"Mozzarella z rukolą, szynką i bagietką",Kolacja,463,23,41,23,290
311,Hummus z selerem naciowym,Przekąska,364,20,35,16,160
312,Tosty francuskie z cukrem pudrem,Śniadanie,449,26,30,25,220
313,Indyk z kaszą pęczak,Obiad,748,49,48,40,340
314,Kiełbasa na gorąco z rusztu z musztardą i chlebem,Kolacja,473,18,44,25,360
315,Pestki dyni solone,Przekąska,176,23,12,4,30
316,Musli z mlekiem migdałowym,Śniadanie,486,22,68,14,200
317,Ryba z pieca w sosie greckim z pieczywem,Obiad,503,38,63,11,410
318,Koreczki serowe z winogronem,Kolacja,304,24,25,12,180
319,Nachosy z sosem serowym,Przekąska,331,25,24,15,140
320,Kanapki z hummusem,Śniadanie,589,36,55,25,250
321,Risotto ze szparagami,Obiad,616,50,77,12,430
322,Leczo z kiełbasą i chlebem,Kolacja,401,16,46,17,630
323,Chipsy jabłkowe suszone naturalnie,Przekąska,222,17,25,6,60
324,Jajecznica z boczkiem i chlebem żytnim,Śniadanie,339,19,32,15,200
325,Kebab w cienkim cieście pita,Obiad,890,61,85,34,510
326,Pasta z tuńczyka na słonych krakersach,Kolacja,409,25,48,13,300
327,Kefir z rzodkiewką i koperkiem,Przekąska,208,20,32,0,280
328,Kasza manna z prażonymi jabłkami,Śniadanie,591,17,79,23,390
329,Placki ziemniaczane z bogatym gulaszem,Obiad,646,31,54,34,420
330,Leczo z kiełbasą i chlebem,Kolacja,272,19,13,16,520
331,Lody proteinowe waniliowe z polewą,Przekąska,269,13,16,17,130
332,Jaglanka z malinami,Śniadanie,436,15,58,16,360
333,Pulpeciki wege z soczewicy z ryżem,Obiad,863,48,116,23,540
334,Zupa krem z pomidorów z grzankami,Kolacja,281,21,11,17,420
335,Pistacje prażone bez soli,Przekąska,176,9,17,8,50
336,Ryżanka na mleku z malinami,Śniadanie,607,36,55,27,290
337,Krewetki w czerwonym curry z ryżem,Obiad,706,61,75,18,290
338,"Kaszanka smażona z jabłkiem, cebulą i pieczywem",Kolacja,613,39,58,25,370
339,Suszone morele z pestkami dyni,Przekąska,233,5,33,9,60
340,Tosty z serem i szynką,Śniadanie,449,37,46,13,280
341,Gołąbki wegetariańskie z kaszą w sosie pomidorowym,Obiad,685,59,74,17,350
342,Kaszanka z grilla z chlebem,Kolacja,389,15,44,17,230
343,Krakersy z plasterkami sera żółtego,Przekąska,139,17,11,3,30
344,Bagietka z masłem i serem,Śniadanie,708,36,78,28,330
345,Tofu z warzywami na patelnię i kaszą,Obiad,596,37,85,12,420
346,"Deska serów z orzechami, figami i bagietką",Kolacja,502,22,54,22,100
347,Czekolada gorzka z pomarańczą,Przekąska,266,22,13,14,70
348,Placki twarogowe ze śmietaną i cukrem,Śniadanie,587,31,55,27,290
349,Żeberka duszone w kapuście kwaszonej z chlebem,Obiad,628,33,97,12,370
350,Galareta z nóżek z chrzanem i bagietką,Kolacja,386,19,37,18,310
351,Czekolada gorzka z pomarańczą,Przekąska,245,5,45,5,60
352,Pancakes z kremem czekoladowym,Śniadanie,427,27,46,15,340
353,Wołowina z warzywami korzeniowymi i kaszą pęczak,Obiad,728,39,80,28,500
354,Kabanosy wieprzowe z ciemnym pieczywem,Kolacja,340,30,28,12,80
355,Ciastko owsiane z masłem orzechowym,Przekąska,327,5,43,15,60
356,Rogalik z dżemem morelowym,Śniadanie,476,31,34,24,260
357,Gulasz z indyka z pieczywem,Obiad,748,61,54,32,340
358,Carpaccio z pieczonego buraka z kozim serem i grzankami,Kolacja,395,28,37,15,260
359,Wafle ryżowe z gorzką czekoladą,Przekąska,386,23,33,18,250
360,Naleśniki gryczane z łososiem i koperkiem,Śniadanie,372,15,42,16,190
361,Wątróbka drobiowa duszona z jabłkiem i puree ziemniaczanym,Obiad,792,58,86,24,440
362,Roladki z szynki z chrzanem i krakersami,Kolacja,378,26,46,10,190
363,Precle oblane czekoladą,Przekąska,291,17,13,19,60
364,Serek homogenizowany z musli,Śniadanie,639,34,74,23,520
365,Krewetki z makaronem tagliatelle,Obiad,806,63,89,22,350
366,Szaszłyki z krewetkami i bagietką,Kolacja,267,15,18,15,130
367,Jabłko krojone w ćwiartki,Przekąska,258,23,10,14,310
368,Jajka w koszulce z sosem holenderskim na brioszce,Śniadanie,512,24,50,24,370
369,Kluski śląskie z ciemnym sosem pieczeniowym i modrą kapustą,Obiad,965,50,117,33,490
370,"Mozzarella z bazylią, oliwą i foccacią",Kolacja,419,34,19,23,310
371,Popcorn solony domowy,Przekąska,349,16,33,17,270
372,Tosty francuskie z owocami leśnymi,Śniadanie,609,22,74,25,290
373,Pulpeciki w sosie pomidorowym z makaronem,Obiad,584,38,63,20,300
374,Tarta ze szpinakiem i fetą,Kolacja,282,21,27,10,120
375,Budyń śmietankowy,Przekąska,235,24,28,3,120
376,Croissant z szynką i serem,Śniadanie,637,35,77,21,300
377,Sushi zestaw wegański,Obiad,948,58,89,40,470
378,Wrapy z awokado i jajkiem,Kolacja,386,22,34,18,230
379,Śliwki świeże,Przekąska,379,8,44,19,710
380,Ryżanka z cynamonem i jabłkiem,Śniadanie,445,27,55,13,250
381,Tofu z warzywami na patelnię i kaszą,Obiad,787,64,108,11,470
382,Sałatka śledziowa z ziemniakami i koperkiem,Kolacja,317,40,10,13,150
383,Winogrona jasne bezpestkowe,Przekąska,340,18,31,16,550
384,Kiełbaski śniadaniowe smażone z cebulką i bułką,Śniadanie,302,23,30,10,190
385,Sushi zestaw wegański,Obiad,787,58,96,19,550
386,"Ser camembert z orzechami włoskimi, miodem i grzankami",Kolacja,403,31,36,15,280
387,Wafle ryżowe z gorzką czekoladą,Przekąska,222,23,10,10,100
388,Owsianka pieczona z jabłkiem i płatkami migdałów,Śniadanie,614,33,71,22,280
389,Makaron z krewetkami,Obiad,842,63,98,22,370
390,Tarta z porem i boczkiem (quiche lorraine),Kolacja,476,38,36,20,310
391,Słonecznik prażony na patelni z solą,Przekąska,241,6,16,17,60
392,Naleśniki gryczane z pieczarkami,Śniadanie,386,25,31,18,210
393,Kaczka pieczona z jabłkami i pieczonymi ziemniakami,Obiad,685,36,79,25,520
394,Sałatka jarzynowa odchudzona z jogurtem greckim i grahamką,Kolacja,438,31,56,10,290
395,Arbuz z kostkami słonej fety,Przekąska,193,12,34,1,400
396,Szakszuka ze szpinakiem i grzankami,Śniadanie,554,31,76,14,440
397,Gulasz wieprzowy z plackami ziemniaczanymi,Obiad,717,51,45,37,410
398,Placki z cukinii z kwaśną śmietaną,Kolacja,398,24,53,10,190
399,Suszone morele z orzechami włoskimi,Przekąska,244,9,34,8,60
400,Jajka w koszulce na grzance z awokado,Śniadanie,570,22,53,30,240
401,Krokiety z kapustą i grzybami do czystego barszczu,Obiad,699,50,64,27,510
402,Jajka na miękko z bułką grahamką,Kolacja,629,44,57,25,380
403,Śliwki suszone zawijane w boczek,Przekąska,407,14,45,19,710
404,Kanapki z hummusem,Śniadanie,495,24,66,15,310
405,Pierogi ze szpinakiem,Obiad,453,27,57,13,180
406,"Sałatka z jajkiem, awokado i pieczywem",Kolacja,387,17,55,11,910
407,Czekolada gorzka z pomarańczą,Przekąska,149,11,15,5,40
408,Jaglanka na mleku kokosowym,Śniadanie,518,16,73,18,270
409,Wieprzowina pieczona z jabłkami i kopytkami,Obiad,543,48,45,19,240
410,Mini pizzerinki klasyczne margerity,Kolacja,509,33,38,25,230
411,Skyr z malinami,Przekąska,265,10,18,17,480
412,Granola z jogurtem greckim,Śniadanie,526,32,77,10,330
413,Tofu z warzywami na patelnię i kaszą,Obiad,806,64,52,38,350
414,Guacamole z pomidorkami cherry i pitą,Kolacja,306,24,12,18,250
415,Baton owsiany,Przekąska,227,9,32,7,60
416,Pasta rybna na krakersach,Śniadanie,498,34,68,10,400
417,Krokiety z kapustą i grzybami do czystego barszczu,Obiad,596,56,66,12,260
418,"Kaszanka smażona z jabłkiem, cebulą i pieczywem",Kolacja,494,32,51,18,280
419,Budyń czekoladowy,Przekąska,245,19,40,1,110
420,Jajecznica z boczkiem i chlebem żytnim,Śniadanie,504,24,66,16,380
421,Kotlet mielony z mizerią i młodymi ziemniakami,Obiad,433,25,45,17,290
422,Placki z cukinii z łososiem wędzonym,Kolacja,415,37,24,19,230
423,Banan solo,Przekąska,181,20,14,5,70
424,Pasta rybna na chlebie razowym,Śniadanie,502,39,64,10,300
425,Naleśniki wytrawne po meksykańsku,Obiad,724,58,69,24,420
426,Roladki z bakłażana z orzechami i pitą,Kolacja,408,21,54,12,210
427,Maliny świeże w miseczce,Przekąska,248,23,21,8,520
428,Bułka grahamka z masłem i szynką,Śniadanie,646,29,74,26,280
429,Łosoś ze szparagami i młodymi ziemniakami,Obiad,901,47,104,33,370
430,"Ser camembert z orzechami włoskimi, miodem i grzankami",Kolacja,289,17,17,17,170
431,Koktajl zielony ze szpinakiem i jabłkiem,Przekąska,169,17,14,5,230
432,Pudding chia z kiwi,Śniadanie,499,26,74,11,220
433,Naleśniki wytrawne z kurczakiem i kukurydzą,Obiad,501,27,60,17,220
434,Placki z cukinii z łososiem wędzonym,Kolacja,355,20,35,15,270
435,Kukurydza z puszki z ziołami,Przekąska,374,17,45,14,160
436,Jajka w koszulce z sosem holenderskim na brioszce,Śniadanie,499,18,46,27,330
437,Kebab w cienkim cieście pita,Obiad,458,30,62,10,210
438,Śledź w śmietanie z jabłkiem i pieczywem,Kolacja,492,37,41,20,260
439,Pestki dyni prażone,Przekąska,238,17,20,10,50
440,Omlet z warzywami i pieczywem,Śniadanie,470,22,55,18,280
441,Soczewica z plackami naan,Obiad,919,62,116,23,400
442,Kiełbasa na gorąco z rusztu z musztardą i chlebem,Kolacja,364,35,11,20,170
443,Jabłko krojone w ćwiartki,Przekąska,217,14,29,5,360
444,Naleśniki gryczane z pieczarkami,Śniadanie,521,30,62,17,300
445,Krokiety z mięsem,Obiad,856,47,95,32,490
446,Jajka na miękko z chlebem razowym,Kolacja,457,22,54,17,210
447,Kukurydza z puszki z ziołami,Przekąska,308,24,26,12,160
448,Bułka grahamka z serem i sałatą,Śniadanie,464,20,51,20,190
449,Naleśniki wytrawne z kurczakiem i kukurydzą,Obiad,497,25,61,17,300
450,Koreczki z kabanosem i ogórkiem,Kolacja,433,38,32,17,270
451,Owoce winogrona,Przekąska,133,7,24,1,280
452,Tosty francuskie z syropem klonowym i bananem,Śniadanie,542,33,35,30,330
453,Ciecierzyca duszona ze szpinakiem i pieczywem,Obiad,668,30,56,36,340
454,Twaróg na słodko z miodem i grahamką,Kolacja,367,35,23,15,260
455,Chipsy jabłkowe chrupiące,Przekąska,251,9,38,7,60
456,Kasza manna z gorzką czekoladą,Śniadanie,477,33,48,17,200
457,Pulpeciki drobiowe z puree ziemniaczanym,Obiad,871,48,109,27,440
458,Szparagi z sosem holenderskim i pieczywem,Kolacja,315,44,10,11,250
459,Paluszki sezamowe,Przekąska,249,17,16,13,70
460,Naleśniki z kremem orzechowym,Śniadanie,561,39,36,29,430
461,Bakłażan zapiekany z parmezanem i pieczywem,Obiad,465,28,41,21,210
462,Pieczone warzywa z dipem czosnkowym i pitą,Kolacja,489,33,60,13,280
463,Borówki duża garść świeżych,Przekąska,277,6,43,9,350
464,Smoothie owsiane z masłem orzechowym i bananem,Śniadanie,460,29,50,16,590
465,Ciecierzyca duszona ze szpinakiem i pieczywem,Obiad,683,35,48,39,330
466,Kanapki z serem i rzodkiewką,Kolacja,461,38,48,13,240
467,Gruszka z orzechami włoskimi,Przekąska,272,21,20,12,400
468,Omlet z serem i szynką,Śniadanie,380,23,45,12,240
469,Gulasz wołowy z kaszą gryczaną,Obiad,747,39,87,27,520
470,Carpaccio z łososia z kaparami i pieczywem chrupkim,Kolacja,584,35,57,24,380
471,Popcorn o smaku maślanym,Przekąska,264,8,31,12,160
472,Kasza manna z prażonymi jabłkami,Śniadanie,617,34,64,25,250
473,Cukinia faszerowana zapiekana z serem i podana z grzankami,Obiad,762,59,82,22,310
474,Tarta z łososiem,Kolacja,336,16,41,12,180
475,Skyr waniliowy,Przekąska,224,19,28,4,310
476,Pudding chia z musem truskawkowym,Śniadanie,460,18,52,20,220
477,Tofu z warzywami na patelnię i kaszą,Obiad,701,57,71,21,440
478,Brusketa z pomidorami i bazylią,Kolacja,461,45,14,25,290
479,Smoothie bowl jagodowe z musli,Przekąska,280,10,15,20,410
480,Owsianka pieczona z gorzką czekoladą,Śniadanie,449,37,37,17,250
481,Kebab w bułce z łagodnym sosem czosnkowym,Obiad,788,44,81,32,550
482,Tatar ze śledzia z chlebem żytnim,Kolacja,425,31,28,21,300
483,Słonecznik prażony na patelni z solą,Przekąska,282,13,44,6,70
484,Jajka w koszulce z sosem holenderskim na brioszce,Śniadanie,630,27,63,30,490
485,Schabowy z ziemniakami i kapustą zasmażaną,Obiad,621,56,70,13,380
486,Twaróg z jogurtem naturalnym i płatkami,Kolacja,407,25,34,19,160
487,Kefir z rzodkiewką i koperkiem,Przekąska,132,12,12,4,230
488,Tosty z serem i szynką,Śniadanie,519,28,50,23,260
489,Wątróbka drobiowa duszona z jabłkiem i puree ziemniaczanym,Obiad,790,54,112,14,620
490,Placki z cukinii z sosem koperkowym,Kolacja,493,22,45,25,250
491,Paluszki słone,Przekąska,226,10,42,2,40
492,Tosty francuskie z cukrem pudrem,Śniadanie,488,37,40,20,320
493,Risotto z kurczakiem,Obiad,829,65,113,13,370
494,Roladki z grillowanej cukinii z serem i paluchami chlebowymi,Kolacja,478,42,46,14,200
495,Banan w plasterkach z jogurtem,Przekąska,364,8,38,20,180
496,Ciepłe kanapki z szynką i ananasem,Śniadanie,534,36,48,22,240
497,Gulasz z ciecierzycy z ryżem,Obiad,753,37,104,21,330
498,"Sałatka śledziowa z burakiem, majonezem i chlebem",Kolacja,421,37,21,21,220
499,Kefir z blendowanymi truskawkami,Przekąska,233,22,25,5,290
500,Jajka w koszulce na grzance z awokado,Śniadanie,477,39,42,17,200
501,Soczewica duszona z warzywami i kaszą,Obiad,668,29,75,28,460
502,Leczo z kurczakiem i ryżem,Kolacja,498,42,60,10,830
503,Gruszka z orzechami włoskimi,Przekąska,264,20,19,12,330
504,Jajka w koszulce na toście ze szparagami,Śniadanie,466,19,39,26,340
505,Ramen z makaronem udon i kurczakiem teriyaki,Obiad,547,33,43,27,220
506,Kiełbasa na gorąco z rusztu z musztardą i chlebem,Kolacja,471,24,51,19,310
507,Słonecznik łuskany,Przekąska,342,22,41,10,80
508,Ciepłe kanapki z piekarnika z serem i pieczarkami,Śniadanie,636,39,75,20,290
509,Kaczka pieczona z jabłkami i pieczonymi ziemniakami,Obiad,550,62,44,14,290
510,Guacamole z chrupiącymi nachosami,Kolacja,368,32,24,16,270
511,Precle oblane czekoladą,Przekąska,208,12,22,8,60
512,Pancakes z borówkami,Śniadanie,376,17,50,12,150
513,Kaczka pieczona z jabłkami i pieczonymi ziemniakami,Obiad,671,30,50,39,290
514,Kabanosy z serem i krakersami,Kolacja,362,42,26,10,80
515,Smoothie bowl z jarmużem i ananasem,Przekąska,148,15,22,0,210
516,Jaglanka z prażonymi migdałami,Śniadanie,391,16,39,19,210
517,Tofu z makaronem ryżowym,Obiad,763,48,64,35,360
518,Jajka na miękko z grzankami z masłem,Kolacja,632,44,60,24,290
519,Galaretka bez cukru,Przekąska,269,13,16,17,570
520,Naleśniki ze szpinakiem i fetą,Śniadanie,398,20,57,10,230
521,Ciecierzyca w aromatycznym curry z ryżem basmati,Obiad,782,49,88,26,590
522,Mini pizzerinki klasyczne margerity,Kolacja,412,42,25,16,240
523,Koktajl truskawkowy,Przekąska,162,17,10,6,190
524,Pancakes z borówkami,Śniadanie,532,29,50,24,250
525,Kurki z patelni z cebulką i ziemniakami,Obiad,664,64,75,12,360
526,Tortilla z hummusem i falafelem,Kolacja,388,39,31,12,160
527,Słonecznik prażony na patelni z solą,Przekąska,245,24,35,1,50
528,Rogalik z kremem orzechowym,Śniadanie,545,29,78,13,420
529,Kaszotto z kurczakiem i cukinią,Obiad,780,32,109,24,430
530,Kaszanka z kapustą kiszoną i ziemniakami,Kolacja,403,33,25,19,210
531,Skyr z malinami,Przekąska,281,11,30,13,420
532,Gofry z twarożkiem,Śniadanie,443,37,49,11,290
533,Pierogi ruskie,Obiad,495,59,40,11,240
534,Mini pizzerinki z pieczarkami,Kolacja,438,26,34,22,200
535,Owoce pokrojony arbuz,Przekąska,267,10,41,7,420
536,Owsianka z bananem i kakao,Śniadanie,625,33,67,25,450
537,Bakłażan faszerowany mięsem i podany z ryżem,Obiad,673,26,95,21,510
538,Wrapy z awokado i jajkiem,Kolacja,306,16,29,14,160
539,Chipsy jabłkowe suszone naturalnie,Przekąska,364,13,42,16,70
540,Serek homogenizowany z musli,Śniadanie,446,31,40,18,250
541,Pizza Margherita z podwójnym serem,Obiad,586,36,79,14,350
542,Tarta z porem i boczkiem (quiche lorraine),Kolacja,464,15,47,24,190
543,Suszone morele z pestkami dyni,Przekąska,340,5,44,16,90
544,Serek wiejski z pomidorem i grahamką,Śniadanie,506,20,39,30,640
545,Łosoś pieczony z ryżem i sosem koperkowym,Obiad,937,61,90,37,380
546,Sałatka z grillowanym kurczakiem i grzankami,Kolacja,323,21,17,19,790
547,Nachosy z sosem serowym,Przekąska,244,14,20,12,130
548,Płatki kukurydziane z zimnym mlekiem,Śniadanie,536,16,73,20,220
549,Indyk pieczony z żurawiną i puree ziemniaczanym,Obiad,627,49,56,23,460
550,Brusketa z pastą z czarnych oliwek,Kolacja,417,25,32,21,190
551,Precle oblane czekoladą,Przekąska,242,12,17,14,60
552,Granola z kefirem i bananem,Śniadanie,550,19,60,26,220
553,Cukinia faszerowana zapiekana z serem i podana z grzankami,Obiad,468,38,43,16,250
554,Kiełbasa na gorąco z pieczywem czosnkowym,Kolacja,378,17,46,14,300
555,Budyń śmietankowy,Przekąska,217,18,16,9,150
556,Omlet ze szpinakiem,Śniadanie,674,39,71,26,290
557,Kotlet mielony z mizerią i młodymi ziemniakami,Obiad,802,58,111,14,600
558,Ser camembert pieczony z żurawiną i bagietką,Kolacja,331,23,17,19,150
559,Baton owsiany,Przekąska,305,15,41,9,80
560,Pasta rybna na krakersach,Śniadanie,566,21,71,22,250
561,Kotlet mielony z ziemniakami z koperkiem,Obiad,846,57,96,26,340
562,"Sałatka śledziowa z burakiem, majonezem i chlebem",Kolacja,292,17,11,20,150
563,Koktajl zielony ze szpinakiem i jabłkiem,Przekąska,356,17,27,20,490
564,Naleśniki z kremem orzechowym,Śniadanie,379,38,32,11,170
565,Kebab w bułce z łagodnym sosem czosnkowym,Obiad,705,49,53,33,510
566,Koreczki serowe z winogronem,Kolacja,252,17,19,12,180
567,Nachosy z pikantną salsą,Przekąska,333,15,30,17,190
568,Jajecznica z szynką,Śniadanie,585,21,78,21,290
569,Wołowina z kaszą gryczaną i ogórkiem kiszonym,Obiad,815,57,59,39,640
570,Roladki z bakłażana z orzechami i pitą,Kolacja,449,36,29,21,220
571,Kefir z nasionami chia,Przekąska,206,15,14,10,500
572,Rogalik z kremem orzechowym,Śniadanie,438,15,72,10,210
573,Pizza wegetariańska z warzywami,Obiad,715,36,118,11,520
574,Guacamole na złocistej grzance,Kolacja,282,26,22,10,160
575,Smoothie bowl z jarmużem i ananasem,Przekąska,213,24,18,5,240
576,Granola z jogurtem greckim,Śniadanie,593,40,43,29,250
577,Schabowy z mizerią i puree ziemniaczanym,Obiad,726,35,70,34,360
578,Zupa krem z pomidorów z grzankami,Kolacja,456,41,19,24,630
579,Arbuz krojony w trójkąty,Przekąska,225,12,15,13,310
580,Pumpernikiel z pastą jajeczną,Śniadanie,459,15,39,27,310
581,Naleśniki wytrawne z kurczakiem i kukurydzą,Obiad,461,30,47,17,190
582,Jajka na miękko z sałatką z pomidorów i pieczywem,Kolacja,341,27,29,13,250
583,Melon owinięty szynką parmeńską,Przekąska,244,14,11,16,460
584,Serek wiejski z rzodkiewką i chlebem chrupkim,Śniadanie,641,24,71,29,830
585,Placki ziemniaczane z bogatym gulaszem,Obiad,501,32,46,21,300
586,Pasta z tuńczyka na chlebie razowym,Kolacja,442,33,37,18,210
587,Lody proteinowe czekoladowe,Przekąska,368,16,40,16,150
588,Jajka w koszulce na toście ze szparagami,Śniadanie,663,37,68,27,430
589,Kotlet mielony z puree ziemniaczanym i buraczkami,Obiad,706,42,49,38,310
590,Kanapki z twarożkiem,Kolacja,381,21,27,21,270
591,Gruszka pieczona z kroplą miodu,Przekąska,156,18,12,4,170
592,Muffinki owsiane z borówkami,Śniadanie,638,27,65,30,410
593,Risotto z grzybami leśnymi,Obiad,660,58,62,20,460
594,Brusketa z grzybami leśnymi,Kolacja,449,26,39,21,200
595,Maliny z jogurtem naturalnym,Przekąska,264,22,35,4,490
596,Bułka grahamka z serem i sałatą,Śniadanie,558,40,50,22,330
597,Bakłażan faszerowany mięsem i podany z ryżem,Obiad,559,31,84,11,360
598,Kaszanka z kapustą kiszoną i ziemniakami,Kolacja,378,20,52,10,190
599,Żelki klasyczne misie,Przekąska,211,14,32,3,140
600,Serek homogenizowany waniliowy z płatkami kukurydzianymi,Śniadanie,623,21,74,27,470
601,Gołąbki z grzybami i chlebem,Obiad,867,42,87,39,400
602,Zapiekanka makaronowa z serem,Kolacja,496,28,42,24,380
603,Maliny świeże w miseczce,Przekąska,211,5,32,7,420
604,Rogalik z kremem orzechowym,Śniadanie,417,40,35,13,290
605,Zapiekanka ziemniaczana z kiełbasą i cebulą,Obiad,967,58,114,31,410
606,Tarta z łososiem,Kolacja,243,23,13,11,130
607,Baton owsiany,Przekąska,414,18,45,18,100
608,Omlet ze szpinakiem,Śniadanie,544,38,53,20,230
609,Kurki z patelni z cebulką i ziemniakami,Obiad,532,32,65,16,280
610,Leczo z kiełbasą i chlebem,Kolacja,362,23,36,14,770
611,Suszone morele z pestkami dyni,Przekąska,320,7,37,16,70
612,Tosty francuskie z owocami leśnymi,Śniadanie,455,21,41,23,260
613,Risotto z kurczakiem,Obiad,688,45,91,16,330
614,Ryba po grecku z pieczywem razowym,Kolacja,388,34,18,20,210
615,Owoce miseczka truskawek,Przekąska,283,15,13,19,670
616,Kanapki z chlebem żytnim i wędliną,Śniadanie,549,38,34,29,290
617,Soczewica w curry z ryżem,Obiad,627,32,91,15,360
618,Tosty z salami i jalapeno,Kolacja,390,29,28,18,220
619,Chipsy jabłkowe z nutą wanilii,Przekąska,209,11,39,1,50
620,Pancakes z kremem czekoladowym,Śniadanie,542,21,56,26,380
621,Pizza Margherita z podwójnym serem,Obiad,817,61,96,21,400
622,Brusketa z szynką parmeńską,Kolacja,564,44,43,24,230
623,Smoothie bowl jagodowe z musli,Przekąska,271,13,21,15,370
624,Płatki kukurydziane z mlekiem roślinnym,Śniadanie,459,28,53,15,340
625,Pizza wegetariańska z warzywami,Obiad,605,32,63,25,360
626,Tortilla z kurczakiem i warzywami,Kolacja,402,33,36,14,230
627,Banan posmarowany masłem orzechowym,Przekąska,145,7,18,5,90
628,Bułka grahamka z masłem i szynką,Śniadanie,437,16,64,13,210
629,Pstrąg z grilla z sałatką z rukoli i grzankami,Obiad,678,44,85,18,380
630,Mozzarella zapiekana z bakłażanem i pieczywem,Kolacja,516,36,57,16,330
631,Wafle ryżowe z chudą wędliną,Przekąska,255,22,26,7,180
632,Muffinki bananowe,Śniadanie,487,34,45,19,270
633,Soczewica duszona z warzywami i kaszą,Obiad,573,45,60,17,410
634,Roladki z szynki z chrzanem i krakersami,Kolacja,417,39,27,17,180
635,Pistacje solone,Przekąska,262,20,32,6,50
636,Naleśniki gryczane z pieczarkami,Śniadanie,476,19,37,28,340
637,Ciecierzyca w sosie tikka masala z ryżem,Obiad,525,42,42,21,410
638,Sałatka śledziowa warstwowa (Szuba) z pieczywem,Kolacja,453,24,42,21,190
639,Maliny świeże w miseczce,Przekąska,232,9,40,4,460
640,Jajka sadzone na tostach z masłem,Śniadanie,486,39,51,14,330
641,Wątróbka wieprzowa z cebulą i ziemniakami,Obiad,855,59,85,31,420
642,Pasta z tuńczyka na chlebie razowym,Kolacja,467,17,57,19,350
643,Melon z miodem,Przekąska,241,17,32,5,470
644,Bagietka czosnkowa,Śniadanie,486,20,43,26,200
645,Tofu w sosie teriyaki z ryżem,Obiad,781,46,84,29,570
646,Sałatka caprese z gęstym sosem balsamicznym i bagietką,Kolacja,388,16,45,16,290
647,Jabłko pieczone z cynamonem,Przekąska,152,8,12,8,230
648,Musli z jogurtem naturalnym,Śniadanie,573,30,48,29,310
649,Cukinia faszerowana kaszą jaglaną i warzywami,Obiad,890,62,102,26,490
650,Sałatka jarzynowa z tradycyjnym majonezem i pieczywem,Kolacja,526,40,51,18,330
651,Budyń proteinowy,Przekąska,222,20,13,10,100
652,Smoothie owsiane z jarmużem i jabłkiem,Śniadanie,501,27,69,13,1210
653,Schabowy z ziemniakami i kapustą zasmażaną,Obiad,748,40,84,28,370
654,Koreczki z oliwkami i fetą na krakersie,Kolacja,551,40,55,19,410
655,Budyń proteinowy,Przekąska,265,15,40,5,160
656,Jajka sadzone z fasolką w sosie pomidorowym i pieczywem,Śniadanie,558,36,36,30,230
657,Ciecierzyca duszona ze szpinakiem i pieczywem,Obiad,922,54,91,38,510
658,Tosty z salami i jalapeno,Kolacja,322,19,21,18,150
659,Słonecznik w łupinach,Przekąska,334,24,28,14,60
660,Omlet z warzywami i pieczywem,Śniadanie,497,22,64,17,280
661,Pizza z pieczarkami i szynką (Capricciosa),Obiad,663,47,67,23,280
662,Tosty z serem i pieczarkami,Kolacja,425,23,54,13,250
663,Hummus z marchewką w słupkach,Przekąska,298,20,41,6,190
664,Smoothie owsiane z jarmużem i jabłkiem,Śniadanie,641,38,75,21,1260
665,Ramen wegański z makaronem i tofu,Obiad,794,54,104,18,340
666,Twaróg na słodko z miodem i grahamką,Kolacja,224,16,13,12,160
667,Żelki kwaśne paski,Przekąska,379,24,28,19,180
668,Gryczanka na mleku z jabłkiem,Śniadanie,539,30,80,11,350
669,Indyk duszony z marchewką i ziemniakami,Obiad,650,35,78,22,400
670,Pieczone warzywa z dipem czosnkowym i pitą,Kolacja,440,39,44,12,250
671,Borówki duża garść świeżych,Przekąska,294,18,33,10,640
672,Ryżanka na mleku kokosowym z mango,Śniadanie,489,33,60,13,280
673,Krewetki z makaronem tagliatelle,Obiad,780,47,85,28,520
674,Tortilla z tuńczykiem i kukurydzą,Kolacja,576,45,45,24,370
675,Krakersy z plasterkami sera żółtego,Przekąska,293,6,38,13,70
676,Smoothie owsiane z owocami leśnymi,Śniadanie,487,40,30,23,840
677,Pierogi ruskie,Obiad,930,44,103,38,460
678,Roladki z bakłażana z orzechami i pitą,Kolacja,374,17,36,18,180
679,Melon owinięty szynką parmeńską,Przekąska,332,5,33,20,480
680,Ryżanka z cynamonem i jabłkiem,Śniadanie,327,17,31,15,210
681,Ciecierzyca w sosie tikka masala z ryżem,Obiad,812,51,71,36,480
682,Tosty z serem i pieczarkami,Kolacja,323,21,26,15,210
683,Galaretka z jogurtem naturalnym,Przekąska,282,6,42,10,560
684,Jaglanka z gruszką,Śniadanie,316,19,33,12,160
685,Ryba z pieca zapiekana z majonezem i serem podana z frytkami,Obiad,670,26,83,26,330
686,Tortilla z kurczakiem i warzywami,Kolacja,327,19,38,11,220
687,Chipsy jabłkowe z cynamonem,Przekąska,247,16,21,11,70
688,Gryczanka z cynamonem,Śniadanie,551,32,63,19,400
689,Krokiety z kapustą i grzybami do czystego barszczu,Obiad,730,56,86,18,400
690,Sałatka Cezar z grzankami,Kolacja,526,38,53,18,770
691,Pistacje z żurawiną,Przekąska,266,13,13,18,60
692,Kanapki z pomidorem i mozzarellą,Śniadanie,574,39,64,18,260
693,Kluski śląskie z ciemnym sosem pieczeniowym i modrą kapustą,Obiad,723,53,85,19,300
694,Pasta z tuńczyka na słonych krakersach,Kolacja,579,35,58,23,320
695,Żelki owocowe z sokiem,Przekąska,161,23,15,1,130
696,Tosty francuskie z syropem klonowym i bananem,Śniadanie,529,26,77,13,310
697,Wątróbka wieprzowa z cebulą i ziemniakami,Obiad,738,63,45,34,300
698,Ryba po grecku z pieczywem razowym,Kolacja,295,36,13,11,190
699,Lody proteinowe czekoladowe,Przekąska,298,19,42,6,140
700,Pudding chia z musem truskawkowym,Śniadanie,602,35,48,30,260
701,Placki ziemniaczane z wędzonym łososiem i koperkiem,Obiad,896,50,84,40,390
702,Deska serów z winogronami i krakersami,Kolacja,390,21,54,10,80
703,Baton daktylowy,Przekąska,238,13,33,6,60
704,Muffinki z kawałkami czekolady,Śniadanie,428,39,41,12,310
705,Krewetki w czerwonym curry z ryżem,Obiad,774,63,81,22,420
706,Twaróg z jogurtem naturalnym i płatkami,Kolacja,570,36,57,22,270
707,Baton owsiany,Przekąska,163,19,15,3,30
708,Granola z kefirem i bananem,Śniadanie,612,27,72,24,320
709,Kaczka z kluskami śląskimi i modrą kapustą,Obiad,656,49,88,12,320
710,Śledź w oleju z cebulką i chlebem żytnim,Kolacja,544,25,57,24,220
711,Gruszka świeża w cząstkach,Przekąska,159,22,11,3,390
712,Ryżanka na mleku z malinami,Śniadanie,440,20,45,20,260
713,Sushi zestaw wegański,Obiad,454,39,52,10,330
714,Tosty z serem i pieczarkami,Kolacja,546,37,59,18,400
715,Arbuz z kostkami słonej fety,Przekąska,289,6,37,13,400
716,Placki twarogowe z jogurtem naturalnym,Śniadanie,359,15,41,15,230
717,Kluski śląskie z tradycyjną roladą wołową,Obiad,688,54,82,16,300
718,Twaróg z rzodkiewką i szczypiorkiem na chlebie,Kolacja,436,33,22,24,300
719,Banan posmarowany masłem orzechowym,Przekąska,228,17,22,8,190
720,Pasta z awokado na pieczywie chrupkim,Śniadanie,614,38,57,26,330
721,Żeberka pieczone w miodzie i musztardzie z ziemniakami,Obiad,780,62,79,24,360
722,Kaszanka z grilla z chlebem,Kolacja,362,35,33,10,160
723,Żelki kwaśne paski,Przekąska,203,6,29,7,90
724,Serek wiejski na słodko z dżemem,Śniadanie,525,40,35,25,610
725,Krokiety z pieczarkami i serem,Obiad,536,46,61,12,280
726,Śledź po kaszubsku z bagietką,Kolacja,426,37,38,14,200
727,Kukurydza z puszki z ziołami,Przekąska,312,20,22,16,150
728,Naleśniki ze szpinakiem i fetą,Śniadanie,330,20,31,14,180
729,Gulasz z ciecierzycy z ryżem,Obiad,822,25,104,34,410
730,Tortilla z kurczakiem,Kolacja,482,29,60,14,210
731,Pestki dyni naturalne,Przekąska,303,22,11,19,80
732,Musli z suszonymi owocami,Śniadanie,486,33,48,18,320
733,Indyk w sosie koperkowym z ryżem,Obiad,694,25,72,34,280
734,Pieczone warzywa z dipem czosnkowym i pitą,Kolacja,510,42,54,14,230
735,Maślanka naturalna,Przekąska,338,13,40,14,470
736,Ryżanka na mleku z malinami,Śniadanie,503,35,57,15,230
737,Naleśniki wytrawne z mięsem i sosem pieczarkowym,Obiad,571,30,52,27,260
738,Szparagi z sosem holenderskim i pieczywem,Kolacja,415,27,52,11,180
739,Wafle ryżowe z chudą wędliną,Przekąska,229,12,25,9,120
740,Kanapki z chlebem żytnim i wędliną,Śniadanie,623,35,78,19,380
741,Pizza z pieczarkami i szynką (Capricciosa),Obiad,668,58,73,16,270
742,Tarta z łososiem,Kolacja,435,40,35,15,280
743,Gruszka pieczona z kroplą miodu,Przekąska,394,23,44,14,440
744,Serek homogenizowany z musli,Śniadanie,457,40,45,13,270
745,Schabowy z mizerią i puree ziemniaczanym,Obiad,658,30,67,30,380
746,"Mozzarella z rukolą, szynką i bagietką",Kolacja,346,43,21,10,230
747,Melon z miodem,Przekąska,199,21,13,7,230
748,Płatki kukurydziane z jogurtem truskawkowym,Śniadanie,389,21,38,17,290
749,Kotlet mielony z puree ziemniaczanym i buraczkami,Obiad,908,63,119,20,640
750,Placki z cukinii z łososiem wędzonym,Kolacja,431,45,20,19,210
751,Banan w plasterkach z jogurtem,Przekąska,263,22,19,11,150
752,Musli z jogurtem naturalnym,Śniadanie,506,21,47,26,340
753,Pierogi ze szpinakiem,Obiad,676,61,45,28,330
754,Sałatka jarzynowa odchudzona z jogurtem greckim i grahamką,Kolacja,353,22,10,25,170
755,Gruszka pieczona z kroplą miodu,Przekąska,120,11,10,4,130
756,Gryczanka z cynamonem,Śniadanie,401,28,34,17,290
757,Kotlet mielony z ziemniakami z koperkiem,Obiad,787,50,68,35,520
758,Brusketa z grzybami leśnymi,Kolacja,242,15,14,14,140
759,Garść orzechów nerkowca,Przekąska,243,14,13,15,60
760,Pumpernikiel z pastą jajeczną,Śniadanie,605,27,68,25,320
761,Ryba z pieca zapiekana z majonezem i serem podana z frytkami,Obiad,736,53,59,32,420
762,Fasolka po bretońsku z kiełbasą i chlebem,Kolacja,371,32,27,15,160
763,Galaretka z jogurtem naturalnym,Przekąska,291,25,23,11,390
764,Naleśniki gryczane z serem kozim,Śniadanie,538,20,56,26,380
765,Gołąbki w sosie pomidorowym z ziemniakami,Obiad,515,32,72,11,340
766,Roladki z szynki z chrzanem i krakersami,Kolacja,407,35,33,15,260
767,Krakersy z pastą pomidorową,Przekąska,200,21,29,0,50
768,Jaglanka z prażonymi migdałami,Śniadanie,514,29,32,30,230
769,Policzki wołowe z puree ziemniaczanym,Obiad,764,63,65,28,450
770,Kanapki z serem i rzodkiewką,Kolacja,561,38,55,21,230
771,Owoce Jabłko i banan,Przekąska,174,21,18,2,380
772,Kefir śniadaniowy z otrębami,Śniadanie,585,40,68,17,1260
773,Pulpeciki w sosie koperkowym z młodymi ziemniakami,Obiad,754,58,72,26,480
774,Zupa krem z brokułów z grzankami,Kolacja,444,25,41,20,560
775,Smoothie bowl z jarmużem i ananasem,Przekąska,304,18,31,12,660
776,Kefir śniadaniowy z truskawkami i kaszą jaglaną,Śniadanie,730,35,80,30,1000
777,Dorsz w sosie cytrynowym z kaszą kuskus,Obiad,726,54,96,14,300
778,Kabanosy drobiowe z pomidorkami koktajlowymi i paluszkami,Kolacja,498,17,58,22,110
779,Ciastko owsiane z masłem orzechowym,Przekąska,324,20,34,12,60
780,Pancakes z syropem klonowym i boczkiem,Śniadanie,606,29,64,26,360
781,Kebab w bułce z łagodnym sosem czosnkowym,Obiad,869,41,120,25,670
782,Placki z cukinii z jogurtem czosnkowym,Kolacja,452,32,36,20,230
783,Suszone morele niesiarkowane,Przekąska,251,15,23,11,50
784,Musli z jogurtem naturalnym,Śniadanie,614,18,77,26,290
785,Kluski śląskie z ciemnym sosem pieczeniowym i modrą kapustą,Obiad,723,36,57,39,530
786,Carpaccio z wołowiny z parmezanem i bagietką,Kolacja,436,17,47,20,190
787,Baton proteinowy,Przekąska,68,6,11,0,20
788,Bagietka z szynką parmeńską,Śniadanie,611,35,66,23,310
789,Wołowina z warzywami korzeniowymi i kaszą pęczak,Obiad,883,49,93,35,450
790,Sałatka caprese z listkami bazylii i grzankami,Kolacja,345,25,14,21,280
791,Precle z sezamem,Przekąska,376,9,40,20,70
792,Jajecznica z pomidorami i szczypiorkiem na grzance,Śniadanie,587,17,78,23,240
793,Żeberka duszone w kapuście kwaszonej z chlebem,Obiad,509,31,58,17,410
794,Wrapy z łososiem i serkiem,Kolacja,314,34,22,10,170
795,Budyń waniliowy z sokiem malinowym,Przekąska,220,13,42,0,110
796,Gryczanka z suszonymi śliwkami,Śniadanie,582,40,38,30,250
797,Łosoś z frytkami z batatów,Obiad,819,41,85,35,540
798,Placki z cukinii z kwaśną śmietaną,Kolacja,531,24,57,23,300
799,Czekolada gorzka z solą morską,Przekąska,312,7,44,12,60
800,Bułka grahamka z plastrami pieczonego schabu,Śniadanie,391,38,35,11,320
801,Ryba z pieca zapiekana z majonezem i serem podana z frytkami,Obiad,563,58,49,15,300
802,Kiełbasa na gorąco z rusztu z musztardą i chlebem,Kolacja,268,15,16,16,130
803,Hummus z waflami kukurydzianymi,Przekąska,326,25,25,14,150
804,Ryżanka z cynamonem i jabłkiem,Śniadanie,491,33,56,15,340
805,Kopytka z masłem i zrumienioną bułką tartą,Obiad,955,49,102,39,380
806,Wrapy z kurczakiem teriyaki,Kolacja,431,15,59,15,230
807,Melon z miodem,Przekąska,232,24,16,8,310
808,Tosty z pastą jajeczną,Śniadanie,647,31,70,27,390
809,Cukinia faszerowana kaszą jaglaną i warzywami,Obiad,818,56,117,14,340
810,Kanapki z serem i rzodkiewką,Kolacja,401,38,15,21,240
811,Żelki kwaśne paski,Przekąska,240,10,23,12,150
812,Kanapki z hummusem,Śniadanie,556,34,69,16,340
813,Schabowy z pieczonymi łódeczkami ziemniaczanymi,Obiad,622,31,48,34,330
814,Kaszanka z grilla z chlebem,Kolacja,334,30,13,18,150
815,Hummus z marchewką w słupkach,Przekąska,253,23,29,5,130
816,Pudding chia z malinami,Śniadanie,571,28,54,27,370
817,Łosoś na parze z warzywami i komosą ryżową,Obiad,812,57,65,36,610
818,Zapiekanka makaronowa z serem,Kolacja,376,45,22,12,300
819,Smoothie bowl z jarmużem i ananasem,Przekąska,393,18,42,17,480
820,Naleśniki gryczane z serem kozim,Śniadanie,479,32,63,11,240
821,Policzki wołowe duszone w czerwonym winie z kopytkami,Obiad,716,58,58,28,550
822,Zapiekanka ziemniaczana z mięsem mielonym,Kolacja,381,28,29,17,230
823,Precle z sezamem,Przekąska,262,23,11,14,50
824,Kanapki z chlebem żytnim i wędliną,Śniadanie,496,17,80,12,220
825,Wieprzowina z kopytkami i buraczkami,Obiad,638,53,84,10,480
826,Mini pizzerinki z pieczarkami,Kolacja,522,44,37,22,350
827,Galaretka z jogurtem naturalnym,Przekąska,247,17,29,7,390
828,Szakszuka z fetą i pitą,Śniadanie,595,29,68,23,350
829,Wołowina z kaszą gryczaną i ogórkiem kiszonym,Obiad,519,65,40,11,340
830,Zapiekanka makaronowa z serem,Kolacja,325,31,21,13,230
831,Truskawki z jogurtem greckim,Przekąska,236,6,44,4,330
832,Frittata z boczkiem i grzanką,Śniadanie,359,33,32,11,200
833,Ramen na wywarze wieprzowym z makaronem i jajkiem,Obiad,485,35,48,17,250
834,Jajka na miękko z bułką grahamką,Kolacja,376,31,36,12,150
835,Arbuz krojony w trójkąty,Przekąska,391,24,40,15,760
836,Gryczanka z cynamonem,Śniadanie,591,36,69,19,270
837,Ciecierzyca duszona ze szpinakiem i pieczywem,Obiad,872,29,117,32,540
838,Deska serów z konfiturą cebulową i paluchami chlebowymi,Kolacja,314,22,16,18,70
839,Truskawki solo,Przekąska,185,20,24,1,220
840,Jajka sadzone z fasolką w sosie pomidorowym i pieczywem,Śniadanie,439,17,32,27,320
841,Kaszotto z kurczakiem i cukinią,Obiad,737,35,75,33,510
842,Pasta z tuńczyka na chlebie razowym,Kolacja,427,36,37,15,270
843,Kefir z rzodkiewką i koperkiem,Przekąska,148,5,23,4,250
844,Pancakes z syropem klonowym i boczkiem,Śniadanie,451,21,58,15,230
845,Bakłażan z grilla z sosem czosnkowym i pitą,Obiad,608,48,68,16,360
846,"Szaszłyki wege z tofu, papryką i pitą",Kolacja,509,39,59,13,300
847,Arbuz krojony w trójkąty,Przekąska,382,23,41,14,450
848,Płatki kukurydziane z mlekiem roślinnym,Śniadanie,455,19,34,27,350
849,Kaczka pieczona z jabłkami i pieczonymi ziemniakami,Obiad,625,43,66,21,270
850,"Sałatka z jajkiem, awokado i pieczywem",Kolacja,259,16,24,11,440
851,Chipsy jabłkowe z nutą wanilii,Przekąska,260,5,24,16,50
852,Granola z malinami,Śniadanie,409,32,41,13,280
853,Ramen wegański z makaronem i tofu,Obiad,862,30,100,38,360
854,Szparagi z grilla z oliwą i foccacią,Kolacja,276,28,14,12,220
855,Truskawki z jogurtem greckim,Przekąska,135,12,15,3,260
856,Serek homogenizowany z musli,Śniadanie,402,24,54,10,230
857,Ciecierzyca duszona ze szpinakiem i pieczywem,Obiad,944,60,104,32,440
858,Zapiekanka ziemniaczana z mięsem mielonym,Kolacja,327,29,19,15,160
859,Słonecznik prażony na patelni z solą,Przekąska,367,25,33,15,80
860,Pasta rybna na chlebie razowym,Śniadanie,528,32,37,28,400
861,Makaron z pesto i kurczakiem,Obiad,625,55,63,17,250
862,Guacamole na złocistej grzance,Kolacja,405,36,18,21,230
863,Chipsy jabłkowe chrupiące,Przekąska,179,6,23,7,50
864,Jajka w koszulce na toście ze szparagami,Śniadanie,290,18,32,10,210
865,Kurczak w sosie słodko-kwaśnym z ryżem,Obiad,843,63,87,27,350
866,Zapiekanka makaronowa z serem,Kolacja,366,35,25,14,180
867,Popcorn solony domowy,Przekąska,250,22,18,10,150
868,Serek wiejski na słodko z dżemem,Śniadanie,371,37,31,11,620
869,Bakłażan faszerowany mięsem i podany z ryżem,Obiad,616,56,71,12,270
870,Kanapki z serem i rzodkiewką,Kolacja,351,35,19,15,210
871,Melon w kostkach,Przekąska,268,17,32,8,300
872,Granola z malinami,Śniadanie,535,36,46,23,340
873,Łosoś z frytkami z batatów,Obiad,896,33,101,40,710
874,Szaszłyki z krewetkami i bagietką,Kolacja,565,31,54,25,450
875,Żelki kwaśne paski,Przekąska,286,15,43,6,220
876,Ryżanka z cynamonem i jabłkiem,Śniadanie,556,37,39,28,270
877,Wątróbka z pieczywem i ogórkiem kiszonym,Obiad,527,52,55,11,290
878,Kanapki z twarożkiem,Kolacja,526,38,53,18,260
879,Melon w kostkach,Przekąska,295,18,22,15,510
880,Croissant z masłem,Śniadanie,474,32,46,18,370
881,Kurczak w sosie słodko-kwaśnym z ryżem,Obiad,811,35,107,27,660
882,Szaszłyki z krewetkami i bagietką,Kolacja,552,29,55,24,220
883,Garść orzechów laskowych,Przekąska,139,8,20,3,30
884,Frittata z ziemniakami i cebulą,Śniadanie,423,31,50,11,290
885,Kluski śląskie z ciemnym sosem pieczeniowym i modrą kapustą,Obiad,510,51,54,10,250
886,Sałatka caprese z gęstym sosem balsamicznym i bagietką,Kolacja,516,40,44,20,220
887,Krakersy z pastą pomidorową,Przekąska,189,22,14,5,40
888,Płatki kukurydziane z jogurtem truskawkowym,Śniadanie,511,32,44,23,310
889,Pierogi ze szpinakiem,Obiad,589,31,87,13,260
890,Tosty z serem i pieczarkami,Kolacja,593,42,50,25,350
891,Słonecznik prażony na patelni z solą,Przekąska,328,12,43,12,80
892,Croissant z dżemem malinowym,Śniadanie,438,19,41,22,270
893,Wieprzowina pieczona z jabłkami i kopytkami,Obiad,681,63,51,25,270
894,Kabanosy z serem i krakersami,Kolacja,481,39,52,13,130
895,Żelki klasyczne misie,Przekąska,251,18,29,7,120
896,Płatki kukurydziane z jogurtem truskawkowym,Śniadanie,586,38,68,18,240
897,Wieprzowina szarpana z frytkami,Obiad,450,31,41,18,280
898,Tatar z pomidorów suszonych na bagietce,Kolacja,385,22,27,21,200
899,Jabłko pokrojone z masłem orzechowym,Przekąska,252,9,45,4,600
900,Tosty z serem i szynką,Śniadanie,517,35,56,17,320
901,Indyk w sosie koperkowym z ryżem,Obiad,749,36,86,29,300
902,"Szaszłyki wege z tofu, papryką i pitą",Kolacja,457,40,27,21,290
903,Wafle ryżowe z chudą wędliną,Przekąska,292,11,26,16,220
904,Pancakes z bananem,Śniadanie,557,18,65,25,280
905,Krokiety z mięsem,Obiad,708,61,44,32,580
906,Mini pizzerinki z salami,Kolacja,387,23,31,19,200
907,Arbuz z kostkami słonej fety,Przekąska,183,25,14,3,220
908,Musli z jogurtem naturalnym,Śniadanie,496,36,34,24,240
909,Pulpeciki w sosie koperkowym z młodymi ziemniakami,Obiad,894,58,116,22,630
910,"Sałatka z jajkiem, awokado i pieczywem",Kolacja,345,22,17,21,760
911,Hummus z waflami kukurydzianymi,Przekąska,309,23,43,5,180
912,Muffinki owsiane z borówkami,Śniadanie,541,18,70,21,280
913,Cukinia faszerowana zapiekana z serem i podana z grzankami,Obiad,673,64,66,17,300
914,"Ser camembert z orzechami włoskimi, miodem i grzankami",Kolacja,415,22,30,23,210
915,Kefir naturalny,Przekąska,304,16,15,20,620
916,Omlet białkowy z twarogiem,Śniadanie,644,32,75,24,260
917,Tofu z makaronem ryżowym,Obiad,750,38,118,14,470
918,Mini pizzerinki z salami,Kolacja,411,35,16,23,270
919,Banan solo,Przekąska,164,22,19,0,80
920,Owsianka z masłem orzechowym,Śniadanie,553,38,35,29,360
921,Zapiekanka ziemniaczana wege z brokułami,Obiad,715,28,90,27,550
922,Kaszanka z kapustą kiszoną i ziemniakami,Kolacja,428,29,42,16,250
923,Winogrona czerwone z serem pleśniowym,Przekąska,254,23,36,2,610
924,Pancakes z borówkami,Śniadanie,592,40,45,28,350
925,Gołąbki wegetariańskie z kaszą w sosie pomidorowym,Obiad,967,44,119,35,640
926,Szaszłyki wieprzowe z cebulą i pieczywem,Kolacja,557,28,55,25,340
927,Gruszka świeża w cząstkach,Przekąska,147,16,14,3,170
928,Ryżanka z cynamonem i jabłkiem,Śniadanie,501,28,41,25,250
929,Kebab w bułce z łagodnym sosem czosnkowym,Obiad,828,58,59,40,430
930,Tosty hawajskie z ananasem,Kolacja,333,35,19,13,250
931,Arbuz krojony w trójkąty,Przekąska,318,25,14,18,410
932,Frittata z boczkiem i grzanką,Śniadanie,566,33,68,18,250
933,Kluski śląskie z kapustą zasmażaną,Obiad,827,56,90,27,490
934,Wrapy z szarpaną wieprzowiną,Kolacja,364,16,48,12,240
935,Winogrona czerwone z serem pleśniowym,Przekąska,155,16,16,3,380
936,Serek wiejski z rzodkiewką i chlebem chrupkim,Śniadanie,491,27,62,15,1060
937,Kluski śląskie z ciemnym sosem pieczeniowym i modrą kapustą,Obiad,616,64,45,20,400
938,Placki z cukinii z sosem koperkowym,Kolacja,453,30,27,25,210
939,Lody proteinowe czekoladowe,Przekąska,339,24,36,11,250
940,Pancakes z bananem,Śniadanie,513,24,66,17,230
941,Bakłażan zapiekany z parmezanem i pieczywem,Obiad,689,64,70,17,350
942,Carpaccio z pieczonego buraka z kozim serem i grzankami,Kolacja,304,17,14,20,220
943,Arbuz z kostkami słonej fety,Przekąska,324,21,24,16,640
944,Gofry z owocami leśnymi,Śniadanie,423,25,56,11,340
945,Kluski śląskie z kapustą zasmażaną,Obiad,808,35,77,40,410
946,Szparagi zawijane w szynkę parmeńską z grzankami,Kolacja,507,45,48,15,400
947,Wafle ryżowe z masłem orzechowym,Przekąska,159,9,24,3,130
948,Smoothie owsiane z jarmużem i jabłkiem,Śniadanie,495,19,71,15,570
949,Ciecierzyca w aromatycznym curry z ryżem basmati,Obiad,855,47,106,27,340
950,Szparagi z sosem holenderskim i pieczywem,Kolacja,473,36,44,17,210
951,Suszone morele w czekoladzie,Przekąska,249,14,37,5,50
952,Jajka w koszulce na grzance z awokado,Śniadanie,667,30,76,27,280
953,Kebab na talerzu z frytkami i surówką,Obiad,709,37,93,21,530
954,Fasolka po bretońsku z kiełbasą i chlebem,Kolacja,273,17,22,13,160
955,Lody proteinowe sorbet truskawkowy,Przekąska,223,16,15,11,160
956,Bagietka z masłem i serem,Śniadanie,409,24,31,21,260
957,Kaczka w sosie pomarańczowym z ryżem,Obiad,715,36,64,35,330
958,Tarta z porem i boczkiem (quiche lorraine),Kolacja,310,37,18,10,130
959,Kefir z nasionami chia,Przekąska,205,7,42,1,370
960,Naleśniki z prażonymi jabłkami,Śniadanie,395,21,53,11,200
961,Tofu w żółtym curry z ryżem jaśminowym,Obiad,733,28,90,29,500
962,Brusketa z pomidorami i bazylią,Kolacja,334,27,25,14,140
963,Melon owinięty szynką parmeńską,Przekąska,121,12,16,1,180
964,Szakszuka z fetą i pitą,Śniadanie,429,30,39,17,320
965,Krewetki z makaronem tagliatelle,Obiad,944,49,115,32,380
966,Sałatka jarzynowa z tradycyjnym majonezem i pieczywem,Kolacja,418,29,53,10,200
967,Borówki duża garść świeżych,Przekąska,216,20,25,4,360
968,Rogalik z masłem i miodem,Śniadanie,532,33,37,28,340
969,Schabowy z pieczonymi łódeczkami ziemniaczanymi,Obiad,1003,64,108,35,720
970,Szparagi zawijane w szynkę parmeńską z grzankami,Kolacja,500,44,45,16,370
971,Kefir z rzodkiewką i koperkiem,Przekąska,248,10,34,8,520
972,Kefir śniadaniowy z truskawkami i kaszą jaglaną,Śniadanie,494,23,42,26,910
973,Gołąbki w sosie pomidorowym z ziemniakami,Obiad,808,47,119,16,540
974,Deska serów z konfiturą cebulową i paluchami chlebowymi,Kolacja,290,20,12,18,70
975,Chipsy jabłkowe suszone naturalnie,Przekąska,311,20,33,11,60
976,Gofry z jogurtem i owocami,Śniadanie,478,26,35,26,380
977,Kaczka z kluskami śląskimi i modrą kapustą,Obiad,847,31,93,39,690
978,"Mozzarella z bazylią, oliwą i foccacią",Kolacja,461,30,38,21,340
979,Owoce winogrona,Przekąska,293,9,44,9,350
980,Bułka grahamka z serem i sałatą,Śniadanie,549,40,50,21,270
981,Ciecierzyca z kaszą kuskus,Obiad,903,57,99,31,620
982,Pieczone warzywa z dipem czosnkowym i pitą,Kolacja,505,37,33,25,250
983,Koktajl truskawkowy,Przekąska,199,8,17,11,420
984,Owsianka pieczona z gorzką czekoladą,Śniadanie,450,23,67,10,350
985,Placki ziemniaczane ze śmietaną i cukrem,Obiad,558,38,43,26,250
986,Kanapki z twarożkiem,Kolacja,518,35,45,22,280
987,Nachosy zapiekane z serem i papryką,Przekąska,258,12,30,10,120
988,Kefir śniadaniowy z otrębami,Śniadanie,424,40,39,12,550
989,Kurki z kaszą pęczak,Obiad,737,40,115,13,500
990,Twaróg na słodko z miodem i grahamką,Kolacja,300,28,20,12,120
991,Suszona żurawina z płatkami migdałowymi,Przekąska,287,19,28,11,80
992,Pudding chia z musem truskawkowym,Śniadanie,461,22,37,25,360
993,Bakłażan zapiekany z parmezanem i pieczywem,Obiad,513,27,45,25,210
994,Tortilla z hummusem i falafelem,Kolacja,391,19,27,23,230
995,Galaretka z jogurtem naturalnym,Przekąska,379,9,43,19,650
996,Szakszuka z fetą i pitą,Śniadanie,411,15,54,15,190
997,Wątróbka wieprzowa z cebulą i ziemniakami,Obiad,655,55,57,23,280
998,Szaszłyki z krewetkami i bagietką,Kolacja,516,35,58,16,290
999,Hummus z marchewką w słupkach,Przekąska,270,18,45,2,140
1000,Musli z suszonymi owocami,Śniadanie,657,22,77,29,460
1001,Łosoś ze szparagami i młodymi ziemniakami,Obiad,679,25,120,11,450
1002,Roladki z bakłażana z orzechami i pitą,Kolacja,481,35,38,21,200
1003,Maliny ze skyrem waniliowym,Przekąska,352,24,28,16,520
1004,Naleśniki gryczane z łososiem i koperkiem,Śniadanie,393,19,50,13,240
1005,Gołąbki z grzybami i chlebem,Obiad,896,53,99,32,390
1006,Tortilla z kurczakiem i warzywami,Kolacja,431,38,27,19,230
1007,Winogrona czerwone z serem pleśniowym,Przekąska,270,21,15,14,400
1008,Jaglanka z gruszką,Śniadanie,459,16,65,15,190
1009,Makaron z krewetkami,Obiad,882,65,106,22,520
1010,Tortilla z tuńczykiem i kukurydzą,Kolacja,305,35,12,13,190
1011,Skyr z borówkami,Przekąska,245,20,39,1,390
1012,Owsianka na mleku migdałowym,Śniadanie,546,38,31,30,440
1013,Schabowy z ziemniakami i kapustą zasmażaną,Obiad,532,29,41,28,210
1014,Sałatka caprese z listkami bazylii i grzankami,Kolacja,382,37,27,14,220
1015,Pestki dyni naturalne,Przekąska,185,13,22,5,50
1016,Croissant z czekoladą,Śniadanie,485,26,30,29,250
1017,Krokiety z pieczarkami i serem,Obiad,641,37,94,13,440
1018,Roladki z bakłażana z orzechami i pitą,Kolacja,413,39,35,13,200
1019,Paluszki słone,Przekąska,248,11,24,12,60
1020,Jaglanka z prażonymi migdałami,Śniadanie,545,28,43,29,250
1021,Indyk duszony z marchewką i ziemniakami,Obiad,518,36,53,18,270
1022,Mini pizzerinki z pieczarkami,Kolacja,388,31,39,12,190
1023,Maślanka z kawałkami brzoskwiń,Przekąska,234,14,22,10,290
1024,Szakszuka klasyczna z pomidorami i bagietką,Śniadanie,642,26,76,26,360
1025,Burger z kurczakiem w bułce z sałatką,Obiad,558,65,52,10,280
1026,Tatar z pomidorów suszonych na bagietce,Kolacja,460,33,55,12,270
1027,Krakersy z pastą pomidorową,Przekąska,153,8,10,9,40
1028,Kiełbaski śniadaniowe z fasolką w sosie pomidorowym i grzankami,Śniadanie,418,40,42,10,170
1029,Krewetki w czerwonym curry z ryżem,Obiad,672,44,61,28,300
1030,Fasolka po bretońsku z kiełbasą i chlebem,Kolacja,237,17,13,13,150
1031,Smoothie bowl z jarmużem i ananasem,Przekąska,238,6,40,6,320
1032,Omlet z serem i szynką,Śniadanie,562,38,44,26,390
1033,Kebab na talerzu z frytkami i surówką,Obiad,491,49,40,15,300
1034,Ryba po grecku z dorsza z dużą ilością marchewki i chlebem,Kolacja,383,37,16,19,180
1035,Kukurydza gotowana w kolbie z masłem,Przekąska,242,12,26,10,100
1036,Kanapki z chlebem żytnim i wędliną,Śniadanie,335,22,37,11,210
1037,Placki ziemniaczane z bogatym gulaszem,Obiad,652,36,46,36,460
1038,Carpaccio z pieczonego buraka z kozim serem i grzankami,Kolacja,491,32,48,19,410
1039,Śliwki suszone zawijane w boczek,Przekąska,243,15,12,15,530
1040,Pumpernikiel z wędzonym łososiem,Śniadanie,414,40,32,14,190
1041,Pizza z pieczarkami i szynką (Capricciosa),Obiad,571,34,66,19,310
1042,Sałatka jarzynowa z chlebem,Kolacja,497,41,36,21,250
1043,Galaretka truskawkowa z owocami,Przekąska,287,17,12,19,340
1044,Jaglanka z malinami,Śniadanie,347,32,30,11,180
1045,Pierogi ruskie,Obiad,775,56,95,19,350
1046,Zupa krem z dyni z ptysiami,Kolacja,271,16,18,15,670
1047,Suszona żurawina wymieszana z nerkowcami,Przekąska,201,24,15,5,50
1048,Tosty francuskie z owocami leśnymi,Śniadanie,618,25,62,30,270
1049,Pstrąg z pieczonymi ziemniakami,Obiad,843,37,113,27,450
1050,Placki z cukinii z łososiem wędzonym,Kolacja,376,20,20,24,170
1051,Garść orzechów brazylijskich,Przekąska,128,13,19,0,30
1052,Ciepłe kanapki z szynką i ananasem,Śniadanie,445,36,37,17,180
1053,Policzki wołowe z karmelizowanymi warzywami i kaszą gryczaną,Obiad,696,49,98,12,530
1054,Jajka na miękko z bułką grahamką,Kolacja,490,36,46,18,370
1055,Winogrona czerwone z serem pleśniowym,Przekąska,156,16,23,0,240
1056,Szakszuka klasyczna z pomidorami i bagietką,Śniadanie,480,27,57,16,210
1057,Zapiekanka ziemniaczana z boczkiem,Obiad,802,37,105,26,450
1058,"Mozzarella z bazylią, oliwą i foccacią",Kolacja,366,35,34,10,300
1059,Pestki dyni prażone,Przekąska,286,10,21,18,70
1060,Pancakes z bananem,Śniadanie,644,21,77,28,330
1061,Indyk duszony z marchewką i ziemniakami,Obiad,720,31,68,36,370
1062,Sałatka jarzynowa z chlebem,Kolacja,439,33,43,15,270
1063,Jabłko krojone w ćwiartki,Przekąska,274,15,13,18,600
1064,Tosty z masłem czosnkowym,Śniadanie,359,30,35,11,220
1065,Kopytka z gulaszem wołowym,Obiad,600,40,74,16,430
1066,"Fasolka z czosnkiem, oliwą i grzankami",Kolacja,433,39,31,17,210
1067,Pestki dyni naturalne,Przekąska,221,6,20,13,40
1068,Jajecznica na maśle z pieczywem,Śniadanie,372,24,42,12,160
1069,Żeberka duszone w kapuście kwaszonej z chlebem,Obiad,578,52,61,14,330
1070,Tarta z łososiem,Kolacja,273,16,14,17,200
1071,Melon z miodem,Przekąska,246,23,16,10,410
1072,Jaglanka z malinami,Śniadanie,528,39,30,28,310
1073,Dorsz pieczony w ziołach z łódeczkami z ziemniaków,Obiad,774,48,78,30,620
1074,Roladki z bakłażana z orzechami i pitą,Kolacja,432,41,13,24,240
1075,Kukurydza z puszki z ziołami,Przekąska,274,16,12,18,210
1076,Granola z kefirem i bananem,Śniadanie,507,34,32,27,320
1077,Tofu w żółtym curry z ryżem jaśminowym,Obiad,894,59,97,30,450
1078,Brusketa z grzybami leśnymi,Kolacja,445,28,27,25,220
1079,Kefir z blendowanymi truskawkami,Przekąska,272,17,24,12,390
1080,Ryżanka na mleku kokosowym z mango,Śniadanie,673,39,64,29,300
1081,Policzki wołowe z karmelizowanymi warzywami i kaszą gryczaną,Obiad,787,40,87,31,590
1082,Pieczone warzywa z ciecierzycą i ryżem,Kolacja,329,26,18,17,140
1083,Lody proteinowe sorbet truskawkowy,Przekąska,230,5,12,18,100
1084,Ryżanka z cynamonem i jabłkiem,Śniadanie,462,16,50,22,300
1085,Ryba z pieca w sosie greckim z pieczywem,Obiad,706,40,60,34,420
1086,Pasta z tuńczyka na słonych krakersach,Kolacja,437,32,21,25,270
1087,Budyń śmietankowy,Przekąska,262,7,18,18,160
1088,Kasza manna z sokiem malinowym,Śniadanie,520,38,38,24,400
1089,Zapiekanka ziemniaczana z kiełbasą i cebulą,Obiad,820,46,78,36,460
1090,Sałatka Cezar z grzankami,Kolacja,346,20,26,18,390
1091,Suszona żurawina garść,Przekąska,222,14,28,6,50
1092,Owsianka na mleku migdałowym,Śniadanie,428,20,51,16,250
1093,Kotlet mielony z ziemniakami z koperkiem,Obiad,552,50,43,20,350
1094,Guacamole z chrupiącymi nachosami,Kolacja,396,20,43,16,170
1095,Nachosy z sosem serowym,Przekąska,153,9,18,5,60
1096,Owsianka pieczona z jabłkiem i płatkami migdałów,Śniadanie,522,24,48,26,410
1097,Schabowy z ziemniakami i kapustą zasmażaną,Obiad,816,56,58,40,650
1098,Brusketa z pomidorami i bazylią,Kolacja,350,40,25,10,150
1099,Chipsy jabłkowe chrupiące,Przekąska,123,11,13,3,30
1100,Frittata z ziemniakami i cebulą,Śniadanie,602,21,62,30,340
1101,Pizza Margherita z podwójnym serem,Obiad,538,28,84,10,360
1102,Kabanosy z serem i krakersami,Kolacja,434,16,43,22,110
1103,Lody proteinowe sorbet truskawkowy,Przekąska,144,13,23,0,80
1104,Kasza manna z sokiem malinowym,Śniadanie,478,23,65,14,350
1105,Ryba z pieca w sosie greckim z pieczywem,Obiad,711,53,82,19,410
1106,"Kaszanka smażona z jabłkiem, cebulą i pieczywem",Kolacja,387,33,12,23,260
1107,Śliwki suszone zawijane w boczek,Przekąska,200,6,44,0,360
1108,Croissant z szynką i serem,Śniadanie,467,15,77,11,190
1109,Gołąbki wegetariańskie z kaszą w sosie pomidorowym,Obiad,648,55,80,12,380
1110,Ryba po grecku na zimno z bagietką,Kolacja,389,26,15,25,230
1111,Baton musli,Przekąska,311,18,17,19,80
1112,Rogalik z dżemem morelowym,Śniadanie,528,22,56,24,400
1113,Bakłażan zapiekany z parmezanem i pieczywem,Obiad,798,28,113,26,440
1114,Tosty z serem i pieczarkami,Kolacja,489,43,23,25,270
1115,Arbuz krojony w trójkąty,Przekąska,352,23,38,12,710
1116,Serek homogenizowany z musli,Śniadanie,442,15,64,14,250
1117,Dorsz smażony z frytkami i surówką z kapusty,Obiad,787,32,95,31,490
1118,Roladki z szynki z chrzanem i krakersami,Kolacja,347,20,15,23,150
1119,Czekolada gorzka z pomarańczą,Przekąska,288,21,42,4,70
1120,Ryżanka na mleku kokosowym z mango,Śniadanie,714,33,78,30,480
1121,Naleśniki wytrawne ze szpinakiem i serem feta,Obiad,742,50,59,34,370
1122,Sałatka śledziowa warstwowa (Szuba) z pieczywem,Kolacja,412,17,41,20,200
1123,Smoothie bowl z masłem orzechowym,Przekąska,264,22,26,8,320
1124,Pumpernikiel z pastą jajeczną,Śniadanie,441,23,40,21,240
1125,Naleśniki wytrawne ze szpinakiem i serem feta,Obiad,629,30,89,17,340
1126,Śledź w oleju z cebulką i chlebem żytnim,Kolacja,498,32,43,22,400
1127,Melon w kostkach,Przekąska,379,20,41,15,720
1128,Granola z kefirem i bananem,Śniadanie,524,25,79,12,240
1129,Krokiety z pieczarkami i serem,Obiad,880,27,112,36,550
1130,Carpaccio z wołowiny z parmezanem i bagietką,Kolacja,239,23,12,11,150
1131,Winogrona czerwone z serem pleśniowym,Przekąska,264,15,15,16,560
1132,Ryżanka na mleku z malinami,Śniadanie,553,30,79,13,240
1133,Zapiekanka ziemniaczana wege z brokułami,Obiad,787,63,46,39,390
1134,"Szaszłyki wege z tofu, papryką i pitą",Kolacja,445,42,31,17,350
1135,Słonecznik w łupinach,Przekąska,333,13,32,17,80
1136,Omlet z serem i szynką,Śniadanie,627,22,74,27,360
1137,Sushi zestaw nigiri z łososiem,Obiad,694,25,72,34,330
1138,Sałatka caprese z listkami bazylii i grzankami,Kolacja,416,33,44,12,270
1139,Galaretka truskawkowa z owocami,Przekąska,270,14,13,18,480
1140,Jajka sadzone z fasolką w sosie pomidorowym i pieczywem,Śniadanie,538,20,47,30,290
1141,Gulasz wołowy z kaszą gryczaną,Obiad,692,61,76,16,470
1142,Fasolka po bretońsku z kiełbasą i chlebem,Kolacja,478,16,54,22,290
1143,Borówki z jogurtem stracciatella,Przekąska,207,17,19,7,390
1144,Gofry z owocami leśnymi,Śniadanie,450,31,32,22,280
1145,Tofu w żółtym curry z ryżem jaśminowym,Obiad,737,37,73,33,530
1146,Sałatka z tuńczykiem i krakersami,Kolacja,362,20,48,10,750
1147,Skyr waniliowy,Przekąska,128,22,10,0,200
1148,Kefir śniadaniowy z otrębami,Śniadanie,469,30,49,17,910
1149,Kopytka z masłem i zrumienioną bułką tartą,Obiad,935,65,117,23,490
1150,Leczo z kurczakiem i ryżem,Kolacja,473,37,52,13,1180
1151,Gruszka pieczona z kroplą miodu,Przekąska,264,13,26,12,300
1152,Serek wiejski z rzodkiewką i chlebem chrupkim,Śniadanie,645,30,66,29,1430
1153,Krokiety z mięsem,Obiad,711,64,80,15,290
1154,Tatar ze śledzia z chlebem żytnim,Kolacja,579,42,60,19,430
1155,Precle oblane czekoladą,Przekąska,354,21,36,14,90
1156,Tosty z serem i szynką,Śniadanie,593,30,53,29,310
1157,Sushi zestaw nigiri z łososiem,Obiad,664,54,85,12,310
1158,Brusketa z szynką parmeńską,Kolacja,445,25,30,25,180
1159,Kukurydza z puszki z ziołami,Przekąska,295,7,33,15,200
1160,Smoothie owsiane z masłem orzechowym i bananem,Śniadanie,396,29,43,12,580
1161,Soczewica duszona z warzywami i kaszą,Obiad,810,47,88,30,660
1162,Szparagi zawijane w szynkę parmeńską z grzankami,Kolacja,454,30,43,18,240
1163,Borówki jako dodatek do owsianki,Przekąska,332,13,25,20,400
1164,Jajka w koszulce na grzance z awokado,Śniadanie,408,15,33,24,260
1165,Dorsz smażony z frytkami i surówką z kapusty,Obiad,798,40,92,30,400
1166,"Kaszanka smażona z jabłkiem, cebulą i pieczywem",Kolacja,397,39,13,21,220
1167,Baton proteinowy,Przekąska,258,5,28,14,50
1168,Jajecznica z pomidorami i szczypiorkiem na grzance,Śniadanie,559,31,48,27,230
1169,Wątróbka z pieczywem i ogórkiem kiszonym,Obiad,721,65,50,29,400
1170,Twaróg na słodko z miodem i grahamką,Kolacja,332,19,37,12,150
1171,Nachosy z pikantną salsą,Przekąska,205,13,36,1,150
1172,Naleśniki z kremem orzechowym,Śniadanie,498,37,56,14,210
1173,Kotlet mielony z ziemniakami z koperkiem,Obiad,643,53,65,19,470
1174,Śledź po kaszubsku z bagietką,Kolacja,498,45,39,18,240
1175,Żelki owocowe z sokiem,Przekąska,185,19,16,5,110
1176,Pumpernikiel z wędzonym łososiem,Śniadanie,436,34,30,20,350
1177,Kluski śląskie z tradycyjną roladą wołową,Obiad,822,44,85,34,380
1178,Placki z cukinii z sosem koperkowym,Kolacja,371,31,37,11,200
1179,Precle z dużą solą,Przekąska,220,15,40,0,50
1180,Jaglanka na mleku kokosowym,Śniadanie,610,35,50,30,390
1181,Cukinia faszerowana mięsem mielonym i ryżem,Obiad,781,54,67,33,320
1182,Leczo z kiełbasą i chlebem,Kolacja,381,36,21,17,670
1183,Winogrona jasne bezpestkowe,Przekąska,375,21,39,15,660
1184,Owsianka pieczona z jabłkiem i płatkami migdałów,Śniadanie,506,27,32,30,210
1185,Kurczak z ryżem i brokułami,Obiad,481,25,57,17,300
1186,Brusketa z grzybami leśnymi,Kolacja,391,34,39,11,190
1187,Budyń śmietankowy,Przekąska,245,7,25,13,140
1188,Gryczanka na mleku z jabłkiem,Śniadanie,418,34,39,14,200
1189,Policzki wołowe z karmelizowanymi warzywami i kaszą gryczaną,Obiad,604,49,75,12,300
1190,Kaszanka z grilla z chlebem,Kolacja,430,40,18,22,200
1191,Pestki dyni solone,Przekąska,272,15,17,16,80
1192,Pasta rybna z koperkiem i ogórkiem kiszonym na wekce,Śniadanie,555,39,57,19,240
1193,Gołąbki wegetariańskie z kaszą w sosie pomidorowym,Obiad,557,58,52,13,230
1194,Guacamole z chrupiącymi nachosami,Kolacja,442,25,36,22,200
1195,Arbuz krojony w trójkąty,Przekąska,373,16,39,17,510
1196,Placki twarogowe z musem truskawkowym,Śniadanie,574,16,78,22,250
1197,Indyk duszony z marchewką i ziemniakami,Obiad,661,39,70,25,360
1198,Zapiekanka ziemniaczana z mięsem mielonym,Kolacja,503,26,48,23,310
1199,Czekolada gorzka z migdałami,Przekąska,164,17,15,4,50
1200,Jajka w koszulce z sosem holenderskim na brioszce,Śniadanie,446,24,38,22,210
1201,Zapiekanka ziemniaczana z boczkiem,Obiad,558,36,81,10,310
1202,Sałatka z grillowanym kurczakiem i grzankami,Kolacja,595,39,58,23,840
1203,Suszone morele z orzechami włoskimi,Przekąska,183,14,25,3,30
1204,Naleśniki gryczane z łososiem i koperkiem,Śniadanie,507,35,40,23,260
1205,Krewetki w czerwonym curry z ryżem,Obiad,711,58,68,23,450
1206,Carpaccio z pieczonego buraka z kozim serem i grzankami,Kolacja,304,31,18,12,150
1207,Żelki owocowe z sokiem,Przekąska,257,9,35,9,160
1208,Ciepłe kanapki z piekarnika z serem i pieczarkami,Śniadanie,534,27,66,18,240
1209,Wieprzowina pieczona z jabłkami i kopytkami,Obiad,585,26,46,33,440
1210,Placki z cukinii z łososiem wędzonym,Kolacja,530,42,41,22,230
1211,Garść orzechów laskowych,Przekąska,271,12,40,7,70
1212,Gryczanka na mleku z jabłkiem,Śniadanie,512,29,72,12,210
1213,Pulpeciki wege z soczewicy z ryżem,Obiad,685,39,67,29,380
1214,Sałatka jarzynowa z chlebem,Kolacja,381,20,19,25,200
1215,Precle z sezamem,Przekąska,112,18,10,0,20
1216,Bułka grahamka z pastą z makreli,Śniadanie,570,34,59,22,240
1217,Ramen z makaronem udon i kurczakiem teriyaki,Obiad,602,58,61,14,310
1218,"Kaszanka smażona z jabłkiem, cebulą i pieczywem",Kolacja,324,22,14,20,160
1219,Nachosy zapiekane z serem i papryką,Przekąska,376,21,28,20,260
1220,Serek wiejski na słodko z dżemem,Śniadanie,559,26,71,19,1370
1221,Naleśniki wytrawne z kurczakiem i kukurydzą,Obiad,601,60,43,21,430
1222,Deska serów z konfiturą cebulową i paluchami chlebowymi,Kolacja,450,26,37,22,90
1223,Truskawki z jogurtem greckim,Przekąska,161,22,16,1,220
1224,Musli z mlekiem migdałowym,Śniadanie,577,21,58,29,270
1225,Pstrąg pieczony z masłem czosnkowym i frytkami,Obiad,615,53,49,23,270
1226,Kabanosy drobiowe z pomidorkami koktajlowymi i paluszkami,Kolacja,351,37,26,11,80
1227,Lody proteinowe czekoladowe,Przekąska,349,24,34,13,250
1228,Jajka sadzone na tostach z masłem,Śniadanie,510,18,51,26,270
1229,Krewetki w sosie winno-maślanym z bagietką,Obiad,736,33,61,40,440
1230,Śledź w śmietanie z jabłkiem i pieczywem,Kolacja,348,20,13,24,150
1231,Kefir z blendowanymi truskawkami,Przekąska,276,15,36,8,350
1232,Kefir śniadaniowy z truskawkami i kaszą jaglaną,Śniadanie,554,36,35,30,810
1233,Zapiekanka ziemniaczana z mięsem mielonym i serem,Obiad,722,40,109,14,400
1234,Fasolka po bretońsku z kiełbasą i chlebem,Kolacja,337,19,27,17,140
1235,Truskawki solo,Przekąska,372,14,43,16,820
1236,Rogalik z dżemem morelowym,Śniadanie,622,38,50,30,250
1237,Naleśniki wytrawne po meksykańsku,Obiad,1012,61,120,32,600
1238,Guacamole z pomidorkami cherry i pitą,Kolacja,470,45,23,22,230
1239,Popcorn solony domowy,Przekąska,347,11,42,15,190
1240,Croissant z masłem,Śniadanie,542,15,53,30,310
1241,Gulasz wołowy z kaszą gryczaną,Obiad,540,39,69,12,400
1242,Tortilla z hummusem i falafelem,Kolacja,453,44,40,13,190
1243,Paluszki z makiem,Przekąska,241,9,31,9,60
1244,Kefir śniadaniowy z truskawkami i kaszą jaglaną,Śniadanie,562,18,55,30,1290
1245,Krewetki z makaronem tagliatelle,Obiad,559,35,80,11,330
1246,Carpaccio z pieczonego buraka z kozim serem i grzankami,Kolacja,415,37,42,11,170
1247,Słonecznik prażony na patelni z solą,Przekąska,220,21,34,0,60
1248,Płatki kukurydziane z zimnym mlekiem,Śniadanie,546,39,66,14,420
1249,Policzki wołowe z puree ziemniaczanym,Obiad,891,47,97,35,500
1250,Galareta drobiowa z octem i pieczywem,Kolacja,361,22,21,21,190
1251,Paluszki z makiem,Przekąska,355,22,24,19,70
1252,Tosty francuskie z syropem klonowym i bananem,Śniadanie,605,34,79,17,410
1253,Dorsz pieczony w ziołach z łódeczkami z ziemniaków,Obiad,825,64,104,17,340
1254,Koreczki z oliwkami i fetą na krakersie,Kolacja,401,16,55,13,240
1255,Baton musli,Przekąska,254,19,22,10,60
1256,Omlet na słodko z dżemem,Śniadanie,504,21,69,16,300
1257,Ryba z pieca w sosie greckim z pieczywem,Obiad,466,34,42,18,310
1258,Kabanosy wieprzowe z ciemnym pieczywem,Kolacja,386,15,32,22,70
1259,Lody proteinowe czekoladowe,Przekąska,224,23,33,0,110
1260,Płatki kukurydziane z mlekiem roślinnym,Śniadanie,586,35,53,26,240
1261,Cukinia faszerowana kaszą jaglaną i warzywami,Obiad,902,65,75,38,560
1262,Jajka na miękko z chlebem razowym,Kolacja,531,37,44,23,230
1263,Arbuz krojony w trójkąty,Przekąska,163,14,20,3,250
1264,Serek homogenizowany z truskawkami,Śniadanie,599,23,75,23,250
1265,Ramen z makaronem udon i kurczakiem teriyaki,Obiad,713,48,56,33,480
1266,Ryba po grecku z pieczywem razowym,Kolacja,445,29,53,13,210
1267,Maliny ze skyrem waniliowym,Przekąska,220,25,30,0,500
1268,Jajka sadzone na chrupiącym boczku z chlebem,Śniadanie,524,36,41,24,370
1269,Kaczka pieczona z jabłkami i pieczonymi ziemniakami,Obiad,544,52,48,16,290
1270,Koreczki z kabanosem i ogórkiem,Kolacja,379,45,25,11,280
1271,Chipsy jabłkowe z nutą wanilii,Przekąska,224,9,20,12,40
1272,Jajka w koszulce na toście ze szparagami,Śniadanie,460,24,55,16,280
1273,Krewetki w sosie winno-maślanym z bagietką,Obiad,571,51,40,23,230
1274,Kabanosy z serem i krakersami,Kolacja,454,30,43,18,120
1275,Chipsy jabłkowe z nutą wanilii,Przekąska,354,11,37,18,70
1276,Croissant z czekoladą,Śniadanie,454,36,46,14,280
1277,Pulpeciki drobiowe z puree ziemniaczanym,Obiad,696,40,62,32,500
1278,Pasta z tuńczyka na słonych krakersach,Kolacja,349,24,16,21,150
1279,Lody proteinowe sorbet truskawkowy,Przekąska,153,5,13,9,70
1280,Gofry białkowe z masłem orzechowym,Śniadanie,477,28,44,21,220
1281,Ciecierzyca w aromatycznym curry z ryżem basmati,Obiad,644,61,55,20,440
1282,Tatar wołowy z cebulką i pieczywem,Kolacja,512,40,52,16,270
1283,Skyr z borówkami,Przekąska,212,14,39,0,310
1284,Szakszuka klasyczna z pomidorami i bagietką,Śniadanie,624,40,53,28,270
1285,Burger z serem halloumi w bułce,Obiad,864,63,108,20,360
1286,Szaszłyki wieprzowe z cebulą i pieczywem,Kolacja,445,35,47,13,230
1287,Garść orzechów włoskich,Przekąska,366,16,44,14,100
1288,Pudding chia z musem truskawkowym,Śniadanie,443,25,34,23,250
1289,Kluski śląskie z kapustą zasmażaną,Obiad,621,30,78,21,470
1290,Wrapy z szarpaną wieprzowiną,Kolacja,562,32,59,22,390
1291,Garść orzechów brazylijskich,Przekąska,116,11,18,0,30
1292,Jajka sadzone z awokado i chilli na toście,Śniadanie,443,16,43,23,290
1293,Soczewica w sosie pomidorowym z ryżem,Obiad,695,60,53,27,460
1294,Deska serów z winogronami i krakersami,Kolacja,499,45,55,11,100
1295,Pestki dyni solone,Przekąska,276,25,26,8,80
1296,Owsianka z jabłkiem i cynamonem,Śniadanie,445,39,43,13,200
1297,Wątróbka wieprzowa z cebulą i ziemniakami,Obiad,838,37,96,34,420
1298,Tatar wołowy z cebulką i pieczywem,Kolacja,412,41,35,12,210
1299,Chipsy jabłkowe suszone naturalnie,Przekąska,192,8,22,8,40
1300,Omlet białkowy z twarogiem,Śniadanie,418,23,41,18,190
1301,Ramen z makaronem udon i kurczakiem teriyaki,Obiad,792,37,71,40,510
1302,Sałatka z tuńczykiem i krakersami,Kolacja,395,19,55,11,580
1303,Borówki jako dodatek do owsianki,Przekąska,247,18,37,3,310
1304,Muffinki z kawałkami czekolady,Śniadanie,576,18,72,24,320
1305,Gołąbki wegetariańskie z kaszą w sosie pomidorowym,Obiad,720,65,61,24,390
1306,Twaróg na słodko z miodem i grahamką,Kolacja,299,19,22,15,160
1307,Jabłko krojone w ćwiartki,Przekąska,180,5,22,8,340
1308,Rogalik z dżemem morelowym,Śniadanie,536,16,73,20,220
1309,Kebab w bułce z łagodnym sosem czosnkowym,Obiad,653,39,41,37,290
1310,Kiełbasa na gorąco z pieczywem czosnkowym,Kolacja,414,22,32,22,330
1311,Suszone morele niesiarkowane,Przekąska,355,20,26,19,80
1312,Jajka sadzone z fasolką w sosie pomidorowym i pieczywem,Śniadanie,416,34,43,12,230
1313,Kopytka z masłem i zrumienioną bułką tartą,Obiad,860,41,111,28,380
1314,Szparagi zawijane w szynkę parmeńską z grzankami,Kolacja,453,33,24,25,250
1315,Baton daktylowy,Przekąska,195,12,12,11,50
1316,Frittata z boczkiem i grzanką,Śniadanie,450,20,52,18,220
1317,Kluski śląskie z tradycyjną roladą wołową,Obiad,584,32,42,32,310
1318,Jajka na miękko z bułką grahamką,Kolacja,488,17,60,20,280
1319,Smoothie bowl jagodowe z musli,Przekąska,115,8,14,3,200
1320,Naleśniki gryczane z łososiem i koperkiem,Śniadanie,509,36,44,21,210
1321,Krewetki z makaronem tagliatelle,Obiad,600,41,82,12,250
1322,Sałatka jarzynowa z tradycyjnym majonezem i pieczywem,Kolacja,453,28,38,21,330
1323,Pistacje z żurawiną,Przekąska,172,6,28,4,50
1324,Ryżanka na mleku z malinami,Śniadanie,528,20,67,20,280
1325,Krewetki w sosie winno-maślanym z bagietką,Obiad,462,35,49,14,210
1326,Kabanosy wieprzowe z ciemnym pieczywem,Kolacja,405,24,48,13,80
1327,Paluszki słone,Przekąska,226,19,24,6,40
1328,Szakszuka klasyczna z pomidorami i bagietką,Śniadanie,644,40,76,20,470
1329,Policzki wołowe z karmelizowanymi warzywami i kaszą gryczaną,Obiad,777,54,57,37,330
1330,"Mozzarella z bazylią, oliwą i foccacią",Kolacja,453,42,33,17,370
1331,Winogrona ciemne,Przekąska,156,18,21,0,380
1332,Płatki kukurydziane z mlekiem roślinnym,Śniadanie,607,40,51,27,260
1333,Ciecierzyca w sosie tikka masala z ryżem,Obiad,943,43,105,39,550
1334,"Deska serów z orzechami, figami i bagietką",Kolacja,453,29,37,21,120
1335,Suszone morele z orzechami włoskimi,Przekąska,231,10,23,11,60
1336,Naleśniki gryczane z pieczarkami,Śniadanie,582,33,63,22,430
1337,Cukinia faszerowana mięsem mielonym i ryżem,Obiad,793,39,94,29,320
1338,Zupa krem z dyni z ptysiami,Kolacja,444,22,35,24,1060
1339,Owoce miseczka truskawek,Przekąska,226,14,20,10,300
1340,Frittata z cukinią i pomidorkami,Śniadanie,564,29,76,16,370
1341,Bakłażan faszerowany mięsem i podany z ryżem,Obiad,908,26,111,40,370
1342,Guacamole z chrupiącymi nachosami,Kolacja,380,29,39,12,200
1343,Precle z sezamem,Przekąska,176,9,35,0,40
1344,Placki twarogowe z jogurtem naturalnym,Śniadanie,684,39,78,24,530
1345,Kaszotto z kurczakiem i cukinią,Obiad,859,35,92,39,450
1346,Ryba po grecku z pieczywem razowym,Kolacja,426,44,31,14,200
1347,Czekolada gorzka z orzechami laskowymi,Przekąska,199,20,14,7,50
1348,Omlet ze szpinakiem,Śniadanie,386,16,40,18,220
1349,Wątróbka z pieczywem i ogórkiem kiszonym,Obiad,773,29,90,33,370
1350,Brusketa z pastą z czarnych oliwek,Kolacja,288,22,14,16,180
1351,Lody proteinowe waniliowe z polewą,Przekąska,317,20,21,17,130
1352,Szakszuka klasyczna z pomidorami i bagietką,Śniadanie,320,20,33,12,250
1353,Pierogi z mięsem,Obiad,780,28,113,24,340
1354,Wrapy z awokado i jajkiem,Kolacja,499,36,46,19,240
1355,Skyr waniliowy,Przekąska,312,17,34,12,490
1356,Kanapki z łososiem wędzonym,Śniadanie,313,15,34,13,250
1357,Ramen wegański z makaronem i tofu,Obiad,705,47,91,17,320
1358,"Mozzarella z bazylią, oliwą i foccacią",Kolacja,518,27,53,22,270
1359,Banan posmarowany masłem orzechowym,Przekąska,214,11,29,6,170
1360,Szakszuka ze szpinakiem i grzankami,Śniadanie,497,30,38,25,310
1361,Burger wege z buraka w bułce,Obiad,688,53,92,12,450
1362,Kiełbasa na gorąco smażona z cebulą i pieczywem,Kolacja,446,36,53,10,300
1363,Ciastko owsiane z masłem orzechowym,Przekąska,241,20,20,9,50
1364,Frittata z cukinią i pomidorkami,Śniadanie,609,40,65,21,400
1365,Kopytka z gulaszem wołowym,Obiad,639,44,55,27,460
1366,Szparagi zawijane w szynkę parmeńską z grzankami,Kolacja,545,45,35,25,430
1367,Słonecznik w łupinach,Przekąska,358,23,35,14,70
1368,Ciepłe kanapki z mozzarellą i pomidorem,Śniadanie,442,23,38,22,350
1369,Łosoś na parze z warzywami i komosą ryżową,Obiad,579,38,64,19,370
1370,Szparagi z sosem holenderskim i pieczywem,Kolacja,404,31,43,12,270
1371,Hummus z waflami kukurydzianymi,Przekąska,229,24,31,1,110
1372,Placki twarogowe ze śmietaną i cukrem,Śniadanie,466,40,36,18,340
1373,Dorsz smażony z frytkami i surówką z kapusty,Obiad,754,53,104,14,310
1374,Tatar wołowy z cebulką i pieczywem,Kolacja,482,39,50,14,340
1375,Maliny ze skyrem waniliowym,Przekąska,141,13,20,1,220
1376,Smoothie owsiane z jarmużem i jabłkiem,Śniadanie,521,19,73,17,590
1377,Gołąbki w sosie pomidorowym z ziemniakami,Obiad,740,37,58,40,370
1378,Ryba po grecku na zimno z bagietką,Kolacja,354,24,24,18,200
1379,Popcorn solony domowy,Przekąska,400,21,34,20,330
1380,Croissant z szynką i serem,Śniadanie,460,36,43,16,200
1381,Krewetki w sosie winno-maślanym z bagietką,Obiad,681,34,107,13,560
1382,Zupa krem z brokułów z grzankami,Kolacja,528,36,51,20,610
1383,Słonecznik łuskany,Przekąska,166,14,23,2,40
1384,Bułka grahamka z pastą z makreli,Śniadanie,416,28,40,16,230
1385,Zapiekanka ziemniaczana wege z brokułami,Obiad,646,46,48,30,360
1386,Sałatka grecka z fetą i pitą,Kolacja,198,17,10,10,220
1387,Ciastko owsiane z masłem orzechowym,Przekąska,247,23,32,3,60
1388,Gofry z jogurtem i owocami,Śniadanie,549,15,66,25,420
1389,Kurki z kaszą pęczak,Obiad,680,25,55,40,270
1390,Brusketa z pomidorami i bazylią,Kolacja,323,22,34,11,200
1391,Maślanka z kawałkami brzoskwiń,Przekąska,276,9,15,20,330
1392,Tosty francuskie z owocami leśnymi,Śniadanie,517,34,57,17,350
1393,Żeberka duszone w kapuście kwaszonej z chlebem,Obiad,815,43,100,27,380
1394,Tosty z serem i pieczarkami,Kolacja,571,42,58,19,300
1395,Owoce Jabłko i banan,Przekąska,131,11,15,3,220
1396,Muffinki owsiane z borówkami,Śniadanie,508,36,55,16,240
1397,Kluski śląskie z tradycyjną roladą wołową,Obiad,667,45,70,23,300
1398,Sałatka śledziowa warstwowa (Szuba) z pieczywem,Kolacja,354,25,41,10,170
1399,Banan solo,Przekąska,307,6,28,19,120
1400,Musli z jogurtem naturalnym,Śniadanie,682,38,65,30,290
1401,Risotto z grzybami leśnymi,Obiad,675,43,47,35,300
1402,Tatar z pomidorów suszonych na bagietce,Kolacja,473,16,55,21,250
1403,Owoce pokrojony arbuz,Przekąska,320,21,23,16,390
1404,Musli z jogurtem naturalnym,Śniadanie,513,22,59,21,230
1405,Kurki w śmietanie z makaronem,Obiad,806,51,92,26,570
1406,"Pasta z tuńczyka z kukurydzą, majonezem i waflami ryżowymi",Kolacja,483,32,37,23,260
1407,Ciastko owsiane bez cukru z bananem,Przekąska,119,8,15,3,30
1408,Owsianka z masłem orzechowym,Śniadanie,415,34,45,11,290
1409,Wieprzowina w sosie własnym z kaszą jęczmienną,Obiad,560,55,40,20,360
1410,"Deska serów z orzechami, figami i bagietką",Kolacja,428,26,45,16,90
1411,Popcorn na ostro z papryką,Przekąska,181,16,27,1,140
1412,Bułka grahamka z masłem i szynką,Śniadanie,447,19,68,11,280
1413,Kluski śląskie z kapustą zasmażaną,Obiad,829,63,70,33,460
1414,Tatar z łososia z awokado i grzankami,Kolacja,360,42,21,12,190
1415,Kukurydza z puszki z ziołami,Przekąska,229,18,37,1,120
1416,Gryczanka na mleku z jabłkiem,Śniadanie,435,17,58,15,250
1417,Sushi zestaw nigiri z łososiem,Obiad,752,53,90,20,610
1418,Ser camembert pieczony z żurawiną i bagietką,Kolacja,490,36,55,14,280
1419,Jabłko pokrojone z masłem orzechowym,Przekąska,226,5,29,10,440
1420,Pasta z awokado z pomidorkami koktajlowymi i paluchami chlebowymi,Śniadanie,662,37,61,30,340
1421,Wołowina z kaszą gryczaną i ogórkiem kiszonym,Obiad,660,30,45,40,360
1422,Carpaccio z wołowiny z parmezanem i bagietką,Kolacja,223,15,16,11,160
1423,Smoothie bowl z mango i kokosem,Przekąska,234,22,32,2,270
1424,Jajka sadzone na chrupiącym boczku z chlebem,Śniadanie,633,33,69,25,480
1425,Tofu z makaronem ryżowym,Obiad,559,41,56,19,280
1426,Szparagi z sosem holenderskim i pieczywem,Kolacja,514,28,60,18,400
1427,Popcorn o smaku maślanym,Przekąska,155,6,17,7,80
1428,Kasza manna na gęsto z cynamonem,Śniadanie,572,23,75,20,320
1429,Łosoś z frytkami z batatów,Obiad,854,65,108,18,540
1430,Guacamole z chrupiącymi nachosami,Kolacja,427,44,20,19,260
1431,Pistacje solone,Przekąska,115,8,14,3,30
1432,Gofry z twarożkiem,Śniadanie,426,32,43,14,180
1433,Tofu z warzywami na patelnię i kaszą,Obiad,791,26,84,39,350
1434,Pieczone warzywa z ciecierzycą i ryżem,Kolacja,495,45,45,15,220
1435,Koktajl truskawkowy,Przekąska,203,11,33,3,390
1436,Muffinki bananowe,Śniadanie,436,17,38,24,300
1437,Policzki wołowe z puree ziemniaczanym,Obiad,837,51,111,21,380
1438,Tatar ze śledzia z chlebem żytnim,Kolacja,455,45,17,23,210
1439,Krakersy z plasterkami sera żółtego,Przekąska,195,14,19,7,40
1440,Płatki kukurydziane z mlekiem roślinnym,Śniadanie,611,38,54,27,510
1441,Wątróbka drobiowa duszona z jabłkiem i puree ziemniaczanym,Obiad,780,28,77,40,390
1442,Pasta z tuńczyka na chlebie razowym,Kolacja,488,21,47,24,230
1443,Winogrona ciemne,Przekąska,250,7,24,14,520
1444,Serek homogenizowany z musli,Śniadanie,472,16,39,28,280
1445,Makaron z krewetkami,Obiad,698,59,48,30,320
1446,Śledź w śmietanie z jabłkiem i pieczywem,Kolacja,580,40,60,20,290
1447,Czekolada gorzka z orzechami laskowymi,Przekąska,288,17,37,8,80
1448,Pancakes z borówkami,Śniadanie,582,16,71,26,260
1449,Risotto z owocami morza,Obiad,682,57,73,18,480
1450,Tosty hawajskie z ananasem,Kolacja,319,26,20,15,150
1451,Ciastko owsiane bez cukru z bananem,Przekąska,125,9,20,1,30
1452,Frittata z boczkiem i grzanką,Śniadanie,416,26,51,12,330
1453,Dorsz na parze z brokułami i ryżem,Obiad,656,33,86,20,310
1454,Śledź w oleju z cebulką i chlebem żytnim,Kolacja,441,39,24,21,240
1455,Żelki kwaśne paski,Przekąska,280,17,26,12,210
1456,Pancakes z bananem,Śniadanie,367,18,40,15,260
1457,Kurki w śmietanie z makaronem,Obiad,452,45,41,12,190
1458,Pasta z tuńczyka na słonych krakersach,Kolacja,290,24,17,14,180
1459,Paluszki słone,Przekąska,205,6,25,9,50
1460,Bułka grahamka z pastą z makreli,Śniadanie,464,20,51,20,220
1461,Indyk w sosie koperkowym z ryżem,Obiad,780,36,69,40,430
1462,Galareta wieprzowa z cytryną i chlebem,Kolacja,395,35,21,19,200
1463,Jabłko pokrojone z masłem orzechowym,Przekąska,357,25,26,17,460
1464,Jaglanka z prażonymi migdałami,Śniadanie,508,29,35,28,230
1465,Kurki z patelni z cebulką i ziemniakami,Obiad,726,58,101,10,360
1466,Szparagi z sosem holenderskim i pieczywem,Kolacja,453,44,22,21,200
1467,Banan w plasterkach z jogurtem,Przekąska,236,22,10,12,170
1468,Pasta z awokado na pieczywie chrupkim,Śniadanie,421,19,48,17,230
1469,Bakłażan zapiekany z parmezanem i pieczywem,Obiad,785,40,100,25,440
1470,Sałatka z tuńczykiem i krakersami,Kolacja,457,41,26,21,1120
1471,Czekolada gorzka z orzechami laskowymi,Przekąska,276,16,44,4,70
1472,Pasta z awokado z pomidorkami koktajlowymi i paluchami chlebowymi,Śniadanie,422,18,56,14,180
1473,Łosoś na parze z warzywami i komosą ryżową,Obiad,619,43,69,19,320
1474,Fasolka w sosie pomidorowym z bagietką,Kolacja,496,41,38,20,240
1475,Truskawki solo,Przekąska,274,6,40,10,320
1476,Naleśniki gryczane z łososiem i koperkiem,Śniadanie,607,23,68,27,390
1477,Indyk pieczony z żurawiną i puree ziemniaczanym,Obiad,521,26,57,21,370
1478,Mozzarella z pomidorami (caprese) i grzankami,Kolacja,439,31,36,19,220
1479,Kefir z rzodkiewką i koperkiem,Przekąska,245,17,33,5,590
1480,Jajecznica na maśle z pieczywem,Śniadanie,696,32,79,28,330
1481,Risotto ze szparagami,Obiad,828,48,114,20,650
1482,Pieczone warzywa z ziołami prowansalskimi i pieczywem,Kolacja,364,22,42,12,170
1483,Koktajl zielony ze szpinakiem i jabłkiem,Przekąska,156,16,14,4,340
1484,Muffinki bananowe,Śniadanie,478,22,75,10,200
1485,Pierogi z kapustą i grzybami,Obiad,778,48,106,18,540
1486,Kiełbasa na gorąco z pieczywem czosnkowym,Kolacja,412,21,37,20,310
1487,Kefir z rzodkiewką i koperkiem,Przekąska,204,15,18,8,240
1488,Kasza manna z prażonymi jabłkami,Śniadanie,369,24,30,17,190
1489,Kaczka w sosie pomarańczowym z ryżem,Obiad,812,57,74,32,640
1490,Sałatka Cezar z grzankami,Kolacja,502,17,59,22,950
1491,Smoothie bowl z mango i kokosem,Przekąska,317,7,34,17,440
1492,Jajecznica na maśle z pieczywem,Śniadanie,473,23,30,29,360
1493,Ramen z makaronem udon i kurczakiem teriyaki,Obiad,897,52,89,37,470
1494,Tarta z porem i boczkiem (quiche lorraine),Kolacja,324,38,16,12,160
1495,Kefir z rzodkiewką i koperkiem,Przekąska,238,7,30,10,330
1496,Serek homogenizowany z truskawkami,Śniadanie,636,30,66,28,270
1497,Tofu z makaronem ryżowym,Obiad,809,47,108,21,390
1498,"Sałatka caprese z mozzarellą, świeżymi pomidorami i foccacią",Kolacja,404,35,30,16,330
1499,Precle oblane czekoladą,Przekąska,266,5,39,10,60
1500,Serek homogenizowany z truskawkami,Śniadanie,617,34,55,29,490
